CREATE TABLE usuarios (
  id INTEGER PRIMARY KEY,
  nome VARCHAR(100) UNIQUE NOT NULL,
  email VARCHAR(100) UNIQUE NOT NULL,
  senha VARCHAR(250) NOT NULL
);

INSERT INTO usuarios(id, nome, email, senha) VALUES (1, 'Jose Silva', 'jose@email.com', '7c4a8d09ca3762af61e59520943dc26494f8941b'); -- 123456
INSERT INTO usuarios(id, nome, email, senha) VALUES (2, 'Maria Silva', 'maria@email.com', '7c4a8d09ca3762af61e59520943dc26494f8941b'); -- 123456

CREATE TABLE papeis (
  id INTEGER PRIMARY KEY,
  nome VARCHAR(100) UNIQUE NOT NULL,
  descricao VARCHAR(100) UNIQUE NOT NULL
);

INSERT INTO papeis(id, nome, descricao) VALUES (1, 'CD', 'Cidadao');

CREATE TABLE usuario_papel (
    id_usuario INT NOT NULL,
    id_papel INT NOT NULL,
    PRIMARY KEY(id_usuario, id_papel)
);

ALTER TABLE usuario_papel ADD CONSTRAINT fk_usuario_papel_usuario FOREIGN KEY (id_usuario) REFERENCES usuarios (id);
ALTER TABLE usuario_papel ADD CONSTRAINT fk_usuario_papel_papel FOREIGN KEY (id_papel) REFERENCES papeis (id);

INSERT INTO usuario_papel(id_usuario, id_papel) VALUES(1, 1);
INSERT INTO usuario_papel(id_usuario, id_papel) VALUES(2, 1);

CREATE TABLE cidade (
	id SERIAL PRIMARY KEY,
	nome VARCHAR(40) NOT NULL,
	uf CHAR(2) NOT NULL
);

CREATE TABLE bairro (
	id SERIAL PRIMARY KEY,
	nome VARCHAR(60) NOT NULL,
	idcidade INT NOT NULL,
	FOREIGN KEY(idcidade) REFERENCES cidade(id)
);

CREATE TABLE pessoa (
	id SERIAL PRIMARY KEY,
	nome VARCHAR(50) NOT NULL,
	nomemae VARCHAR(50) NOT NULL,
	datanasc DATE NOT NULL,
	telefones VARCHAR(100) NOT NULL,
	email VARCHAR(30) NOT NULL,
	cpf CHAR(14) NOT NULL,
	idbairro INT,
	rua VARCHAR(60) NOT NULL,
	numero VARCHAR(15) NOT NULL,
	complemento VARCHAR(40) NOT NULL,
	cep CHAR(9) NOT NULL,
	FOREIGN KEY(idbairro) REFERENCES bairro(id)
);

CREATE TABLE batalhao (
	id SERIAL PRIMARY KEY,
	sigla VARCHAR(15),
	descricao VARCHAR(50) NOT NULL
);

CREATE TABLE policial (
	id SERIAL PRIMARY KEY,
	idpessoa INT,
	matricula VARCHAR(20),
	nome VARCHAR(50) NOT NULL,
	nomemae VARCHAR(50) NOT NULL,
	datanasc DATE NOT NULL,
	telefones VARCHAR(30) NOT NULL,
	email VARCHAR(30) NOT NULL,
	cpf CHAR(14) NOT NULL,
	idbatalhao INT,
	idbairro INT,
	rua VARCHAR(60) NOT NULL,
	numero VARCHAR(15) NOT NULL,
	complemento VARCHAR(40) NOT NULL,
	cep CHAR(9) NOT NULL,
	FOREIGN KEY (idbatalhao) REFERENCES batalhao (id),
	FOREIGN KEY (idbairro) REFERENCES bairro (id)
);

CREATE TABLE orgao (
	id SERIAL PRIMARY KEY,
	sigla VARCHAR(15),
	descricao VARCHAR(50) NOT NULL
);

CREATE TABLE setor (
	id SERIAL PRIMARY KEY,
	sigla VARCHAR(15),
	descricao VARCHAR(50) NOT NULL,
	idorgao INT NOT NULL,
	FOREIGN KEY (idorgao) REFERENCES orgao (id)
);

CREATE TABLE administrativo (
	id SERIAL PRIMARY KEY,
	idpessoa INT,
	matricula VARCHAR(20),
	nome VARCHAR(50) NOT NULL,
	nomemae VARCHAR(50) NOT NULL,
	datanasc DATE NOT NULL,
	telefones VARCHAR(30) NOT NULL,
	email VARCHAR(30) NOT NULL,
	cpf CHAR(14) NOT NULL,
	idsetor INT,
	idbairro INT,
	rua VARCHAR(60) NOT NULL,
	numero VARCHAR(15) NOT NULL,
	complemento VARCHAR(40) NOT NULL,
	cep CHAR(9) NOT NULL,
	FOREIGN KEY (idsetor) REFERENCES setor (id),
	FOREIGN KEY (idbairro) REFERENCES bairro (id)
);

CREATE TABLE patrulha (
	id SERIAL PRIMARY KEY,
	viatura VARCHAR(10) NOT NULL
);

CREATE TABLE patrulha_policial (
	id SERIAL PRIMARY KEY,
	idpatrulha INT NOT NULL,
	idpolicial INT NOT NULL,
	FOREIGN KEY (idpatrulha) REFERENCES patrulha (id),
	FOREIGN KEY (idpolicial) REFERENCES policial (id),
	UNIQUE (idpatrulha,idpolicial)
);

CREATE TABLE bairro_patrulha (
	id SERIAL PRIMARY KEY,
	idbairro INT NOT NULL,
	idpatrulha INT NOT NULL,
	FOREIGN KEY (idbairro) REFERENCES bairro (id),
	FOREIGN KEY (idpatrulha) REFERENCES patrulha (id),
	UNIQUE (idbairro,idpatrulha)
);

CREATE TABLE boletim_ocorrencia (
	id SERIAL PRIMARY KEY,
	numero VARCHAR(20) NOT NULL,
	datahora TIMESTAMP NOT NULL,
	idbairro INT,
	rua VARCHAR(60) NOT NULL,
	complemento VARCHAR(40) NOT NULL,
	cep CHAR(9) NOT NULL,
	descricao VARCHAR(400) NOT NULL,
	situacao VARCHAR(30) NOT NULL,
	idadministrativo INT NOT NULL,
	evidencia VARCHAR(100),
	FOREIGN KEY (idbairro) REFERENCES bairro (id),
	FOREIGN KEY (idadministrativo) REFERENCES administrativo (id)
);

CREATE TABLE vitima (
	id SERIAL PRIMARY KEY,
	caracteristicas VARCHAR(100),
	idpessoa INT,
	idboletimocorrencia INT NOT NULL,
	FOREIGN KEY (idpessoa) REFERENCES pessoa (id),
	FOREIGN KEY (idboletimocorrencia) REFERENCES boletim_ocorrencia (id)
);

CREATE TABLE suspeito (
	id SERIAL PRIMARY KEY,
	caracteristicas VARCHAR(100),
	idpessoa INT,
	idboletimocorrencia INT NOT NULL,
	FOREIGN KEY (idpessoa) REFERENCES pessoa (id),
	FOREIGN KEY (idboletimocorrencia) REFERENCES boletim_ocorrencia (id)
);

CREATE TABLE procurado (
	id SERIAL PRIMARY KEY,
	caracteristicas VARCHAR(100),
	idpessoa INT,
	idboletimocorrencia INT NOT NULL,
	FOREIGN KEY (idpessoa) REFERENCES pessoa (id),
	FOREIGN KEY (idboletimocorrencia) REFERENCES boletim_ocorrencia (id)
);

CREATE USER registro_geral;
CREATE USER carteira_funcional;
CREATE USER gerenciamento_patrulha;
CREATE USER gerenciamento_procurado;
CREATE USER gerenciamento_ocorrencia;

ALTER USER registro_geral WITH PASSWORD 'registro_geral';
ALTER USER carteira_funcional WITH PASSWORD 'carteira_funcional';
ALTER USER gerenciamento_patrulha WITH PASSWORD 'gerenciamento_patrulha';
ALTER USER gerenciamento_procurado WITH PASSWORD 'gerenciamento_procurado';
ALTER USER gerenciamento_ocorrencia WITH PASSWORD 'gerenciamento_ocorrencia';

REVOKE ALL ON ALL TABLES IN SCHEMA "public" FROM registro_geral;
REVOKE ALL ON ALL TABLES IN SCHEMA "public" FROM carteira_funcional;
REVOKE ALL ON ALL TABLES IN SCHEMA "public" FROM gerenciamento_patrulha;
REVOKE ALL ON ALL TABLES IN SCHEMA "public" FROM gerenciamento_procurado;
REVOKE ALL ON ALL TABLES IN SCHEMA "public" FROM gerenciamento_ocorrencia;

GRANT SELECT, UPDATE, INSERT, DELETE ON cidade TO registro_geral;
GRANT SELECT, UPDATE, INSERT, DELETE ON bairro TO registro_geral;
GRANT SELECT, UPDATE, INSERT, DELETE ON pessoa TO registro_geral;

GRANT SELECT, UPDATE, INSERT, DELETE ON batalhao TO carteira_funcional;
GRANT SELECT, UPDATE, INSERT, DELETE ON policial TO carteira_funcional;
GRANT SELECT, UPDATE, INSERT, DELETE ON orgao TO carteira_funcional;
GRANT SELECT, UPDATE, INSERT, DELETE ON setor TO carteira_funcional;
GRANT SELECT, UPDATE, INSERT, DELETE ON administrativo TO carteira_funcional;

GRANT SELECT, UPDATE, INSERT, DELETE ON patrulha_policial TO gerenciamento_patrulha;
GRANT SELECT, UPDATE, INSERT, DELETE ON bairro_patrulha TO gerenciamento_patrulha;
GRANT SELECT, UPDATE, INSERT, DELETE ON patrulha TO gerenciamento_patrulha;

GRANT SELECT, UPDATE, INSERT, DELETE ON procurado TO gerenciamento_procurado;

GRANT SELECT, UPDATE, INSERT, DELETE ON vitima TO gerenciamento_ocorrencia;
GRANT SELECT, UPDATE, INSERT, DELETE ON suspeito TO gerenciamento_ocorrencia;
GRANT SELECT, UPDATE, INSERT, DELETE ON boletim_ocorrencia TO gerenciamento_ocorrencia;

GRANT USAGE, SELECT ON SEQUENCE cidade_id_seq TO registro_geral;
GRANT USAGE, SELECT ON SEQUENCE bairro_id_seq TO registro_geral;
GRANT USAGE, SELECT ON SEQUENCE pessoa_id_seq TO registro_geral;

GRANT USAGE, SELECT ON SEQUENCE batalhao_id_seq TO carteira_funcional;
GRANT USAGE, SELECT ON SEQUENCE policial_id_seq TO carteira_funcional;
GRANT USAGE, SELECT ON SEQUENCE orgao_id_seq TO carteira_funcional;
GRANT USAGE, SELECT ON SEQUENCE setor_id_seq TO carteira_funcional;
GRANT USAGE, SELECT ON SEQUENCE administrativo_id_seq TO carteira_funcional;

GRANT USAGE, SELECT ON SEQUENCE patrulha_policial_id_seq TO gerenciamento_patrulha;
GRANT USAGE, SELECT ON SEQUENCE bairro_patrulha_id_seq TO gerenciamento_patrulha;
GRANT USAGE, SELECT ON SEQUENCE patrulha_id_seq TO gerenciamento_patrulha;

GRANT USAGE, SELECT ON procurado_id_seq TO gerenciamento_procurado;

GRANT USAGE, SELECT ON vitima_id_seq TO gerenciamento_ocorrencia;
GRANT USAGE, SELECT ON suspeito_id_seq TO gerenciamento_ocorrencia;
GRANT USAGE, SELECT ON boletim_ocorrencia_id_seq TO gerenciamento_ocorrencia;

INSERT INTO cidade(id, nome, uf) VALUES 
(1, 'Cuiabá', 'MT'),
(2, 'Várzea Grande', 'MT');

INSERT INTO bairro (id, nome, idcidade) VALUES 
(1, 'Altos da Glória',1 ), 
(2, 'Altos da Serra I',1 ), 
(3, 'Altos da Serra II',1 ), 
(4, 'Altos do Coxipó',1 ), 
(5, 'Alvorada',1 ), 
(6, 'Araés',1 ), 
(7, 'Área Rural de Cuiabá',1 ), 
(8, 'Areão',1 ), 
(9, 'Bandeirantes',1 ), 
(10, 'Barbado',1 ), 
(11, 'Barra do Pari',1 ), 
(12, 'Baú',1 ), 
(13, 'Bela Marina',1 ), 
(14, 'Bela Vista',1 ), 
(15, 'Boa Esperança',1 ), 
(16, 'Bosque da Saúde',1 ), 
(17, 'Cachoeira das Garças',1 ), 
(18, 'Campo Velho',1 ), 
(19, 'Campo Verde',1 ), 
(20, 'Canjica',1 ), 
(21, 'Capão de Fora',1 ), 
(22, 'Carumbé',1 ), 
(23, 'Centro América',1 ), 
(24, 'Centro Político Administrativo',1 ), 
(25, 'Centro-Norte',1 ), 
(190, 'Centro-Norte',2 ), 
(26, 'Centro-Sul',1 ), 
(191, 'Centro-Sul',2 ), 
(27, 'Chácara dos Pinheiros',1 ), 
(28, 'Cidade Alta',1 ), 
(29, 'Cidade Verde',1 ), 
(30, 'Coesa',1 ), 
(31, 'Cohab São Gonçalo',1 ), 
(32, 'Condomínio Belvedere',1 ), 
(33, 'Condomínio Flor do Cerrado',1 ), 
(34, 'Condomínio Florais Cuiabá Residencial',1 ), 
(35, 'Condomínio Jardim Botânico',1 ), 
(36, 'Condomínio Residencial Florais dos Lagos',1 ), 
(37, 'Conjunto Habitacional Marechal Cândido Rondon',1 ), 
(38, 'Conjunto Residencial Jonas Pinheiro',1 ), 
(39, 'Coophamil',1 ), 
(40, 'Coophema',1 ), 
(41, 'Coxipó',1 ), 
(42, 'CPA I',1 ), 
(43, 'CPA II',1 ), 
(44, 'CPA III',1 ), 
(45, 'Despraiado',1 ), 
(46, 'Distrito Industrial',1 ), 
(47, 'Dom Aquino',1 ), 
(48, 'Dom Bosco',1 ), 
(49, 'Doutor Fábio Leite',1 ), 
(50, 'Doutor Fábio Leite II',1 ), 
(51, 'Duque de Caxias',1 ), 
(52, 'Goiabeiras',1 ), 
(53, 'Grande Terceiro',1 ), 
(54, 'Jardim Aclimação',1 ), 
(55, 'Jardim Califórnia',1 ), 
(56, 'Jardim Campus Elizius',1 ), 
(57, 'Jardim Comodoro',1 ), 
(58, 'Jardim Cuiabá',1 ), 
(59, 'Jardim das Américas',1 ), 
(60, 'Jardim das Palmeiras',1 ), 
(61, 'Jardim dos Ipês',1 ), 
(62, 'Jardim Eldorado',1 ), 
(204, 'Jardim Eldorado',2 ), 
(63, 'Jardim Europa',1 ), 
(64, 'Jardim Florianópolis',1 ), 
(65, 'Jardim Fortaleza',1 ), 
(66, 'Jardim Gramado',1 ), 
(67, 'Jardim Hawaí',1 ), 
(68, 'Jardim Imperial',1 ), 
(69, 'Jardim Imperial II',1 ), 
(70, 'Jardim Independência',1 ), 
(71, 'Jardim Industriário',1 ), 
(72, 'Jardim Itália',1 ), 
(73, 'Jardim Jockey Club',1 ), 
(74, 'Jardim Leblon',1 ), 
(75, 'Jardim Malouf',1 ), 
(76, 'Jardim Mariana',1 ), 
(77, 'Jardim Mossoró',1 ), 
(78, 'Jardim Oito de Abril',1 ), 
(79, 'Jardim Paraná',1 ), 
(80, 'Jardim Passaredo',1 ), 
(81, 'Jardim Paulista',1 ), 
(82, 'Jardim Petrópolis',1 ), 
(83, 'Jardim Presidente',1 ), 
(84, 'Jardim Primavera',1 ), 
(85, 'Jardim Renascer',1 ), 
(86, 'Jardim Santa Isabel',1 ), 
(87, 'Jardim Santa Marta',1 ), 
(88, 'Jardim Santana',1 ), 
(89, 'Jardim São Sebastião I',1 ), 
(90, 'Jardim Shangri-Lá',1 ), 
(91, 'Jardim Tropical',1 ), 
(92, 'Jardim Ubirajara',1 ), 
(93, 'Jardim Umuarama II',1 ), 
(94, 'Jardim Universitário',1 ), 
(95, 'Jardim Vitória',1 ), 
(96, 'João Bosco Pinheiro',1 ), 
(97, 'Liberdade',1 ), 
(98, 'Lixeira',1 ), 
(99, 'Loteamento Belita Costa Marques',1 ), 
(100, 'Loteamento Jardim das Aroeiras',1 ), 
(101, 'Loteamento Residencial Jamil Boutros Nadaf',1 ), 
(102, 'Loteamento Salvador Costa Marques',1 ), 
(103, 'Morada da Serra',1 ), 
(104, 'Morada do Ouro',1 ), 
(105, 'Morada dos Nobres',1 ), 
(106, 'Nossa Senhora Aparecida',1 ), 
(107, 'Nova Conquista',1 ), 
(108, 'Nova Esperança',1 ), 
(218, 'Nova Esperança',2 ), 
(109, 'Novo Colorado',1 ), 
(110, 'Novo Horizonte',1 ), 
(111, 'Novo Mato Grosso',1 ), 
(112, 'Novo Paraíso',1 ), 
(113, 'Novo Tempo',1 ), 
(114, 'Novo Terceiro',1 ), 
(115, 'Núcleo Habitacional Sucuri',1 ), 
(116, 'Osmar Cabral',1 ), 
(117, 'Ouro Fino',1 ), 
(118, 'Parque Amperco',1 ), 
(119, 'Parque Atalaia',1 ), 
(120, 'Parque Cuiabá',1 ), 
(121, 'Parque Geórgia',1 ), 
(122, 'Parque Ohara',1 ), 
(123, 'Parque Residencial das Nações Indígenas',1 ), 
(124, 'Parque Residencial Tropical Ville',1 ), 
(125, 'Parque Universitário',1 ), 
(126, 'Pascoal Ramos',1 ), 
(127, 'Pedra 90',1 ), 
(128, 'Pico do Amor',1 ), 
(129, 'Planalto',1 ), 
(130, 'Poção',1 ), 
(131, 'Popular',1 ), 
(132, 'Porto',1 ), 
(133, 'Praeirinho',1 ), 
(134, 'Praeiro',1 ), 
(135, 'Primeiro de Março',1 ), 
(136, 'Quilombo',1 ), 
(137, 'Real Parque',1 ), 
(138, 'Recanto dos Pássaros',1 ), 
(139, 'Residencial Altos do Parque I',1 ), 
(140, 'Residencial Altos do Parque II',1 ), 
(141, 'Residencial Ana Maria',1 ), 
(142, 'Residencial Aricá',1 ), 
(143, 'Residencial Buriti',1 ), 
(144, 'Residencial Claúdio Marchetti',1 ), 
(145, 'Residencial Clocy Hugueney',1 ), 
(146, 'Residencial Concadoro',1 ), 
(147, 'Residencial Coxipó',1 ), 
(148, 'Residencial Ilza Therezinha Picoli Pagot',1 ), 
(149, 'Residencial Itamarati',1 ), 
(150, 'Residencial Jardim Pauliceia',1 ), 
(151, 'Residencial Lagoa Azul',1 ), 
(152, 'Residencial Milton Figueiredo',1 ), 
(153, 'Residencial Nova Canaã',1 ), 
(154, 'Residencial Pádova',1 ), 
(155, 'Residencial Paiaguás',1 ), 
(156, 'Residencial Santa Inês',1 ), 
(157, 'Residencial Santorini',1 ), 
(158, 'Residencial São Carlos',1 ), 
(159, 'Residencial São Matheus',1 ), 
(160, 'Residencial Solar da Chapada',1 ), 
(161, 'Residencial Wantuil de Freitas',1 ), 
(162, 'Ribeirão da Ponte',1 ), 
(163, 'Ribeirão do Lipa',1 ), 
(164, 'Santa Cruz',1 ), 
(165, 'Santa Cruz II',1 ), 
(166, 'Santa Laura',1 ), 
(167, 'Santa Rosa',1 ), 
(168, 'Santo Antônio do Pedregal',1 ), 
(169, 'São Francisco',1 ), 
(170, 'São Gonçalo Beira Rio',1 ), 
(171, 'São João Del Rei',1 ), 
(172, 'São José',1 ), 
(173, 'São Mateus',1 ), 
(174, 'São Roque',1 ), 
(175, 'São Sebastião',1 ), 
(176, 'Serra Dourada',1 ), 
(177, 'Sol Nascente',1 ), 
(178, 'Tancredo Neves',1 ), 
(179, 'Terra Nova',1 ), 
(180, 'Tijucal',1 ), 
(181, 'Três Barras',1 ), 
(182, 'UFMT',1 ), 
(183, 'Verdão',1 ), 
(184, 'Vila Jussara',1 ), 
(185, 'Vista Alegre',1 ), 
(186, '23 de Setembro',2 ), 
(187, 'Área Rural de Várzea Grande',2 ), 
(188, 'Canelas',2 ), 
(189, 'Capão do Pequi',2 ), 
(192, 'Cidade Nova Hollywood',2 ), 
(193, 'Cohab Cristo Rei',2 ), 
(194, 'Cohab Sete de Maio',2 ), 
(195, 'Cohab Vinte e Quatro de Dezembro',2 ), 
(196, 'Colinas Verdejantes',2 ), 
(197, 'Construmat',2 ), 
(198, 'Costa Verde',2 ), 
(199, 'Cristo Rei',2 ), 
(200, 'Glória',2 ), 
(201, 'Ikaray',2 ), 
(202, 'Jardim de Alá',2 ), 
(203, 'Jardim dos Estados',2 ), 
(205, 'Jardim Esmeralda',2 ), 
(206, 'Jardim Glória ll',2 ), 
(207, 'Jardim Ikaraí',2 ), 
(208, 'Jardim Manaíra',2 ), 
(209, 'Jardim Monte Castelo',2 ), 
(210, 'Jardim Novo Horizonte',2 ), 
(211, 'Jardim Novo Niterói',2 ), 
(212, 'Jeanne',2 ), 
(213, 'Loteamento Jardim Paula III',2 ), 
(214, 'Manga',2 ), 
(215, 'Mapim',2 ), 
(216, 'Marajoara',2 ), 
(217, 'Monte Castelo',2 ), 
(219, 'Nova Ipê',2 ), 
(220, 'Nova Várzea Grande',2 ), 
(221, 'Novo Mundo',2 ), 
(222, 'Paiaguás',2 ), 
(223, 'Panamericano',2 ), 
(224, 'Parque Atlântico',2 ), 
(225, 'Parque Del Rey',2 ), 
(226, 'Parque do Lago',2 ), 
(227, 'Parque do Sabiá',2 ), 
(228, 'Petrópolis',2 ), 
(229, 'Ponte Nova',2 ), 
(230, 'Portal da Amazônia',2 ), 
(231, 'Primavera',2 ), 
(232, 'Quinze de Maio',2 ), 
(233, 'Residencial Alice Gonçalves de Campos',2 ), 
(234, 'Residencial Ataíde Ferreira da Silva',2 ), 
(235, 'Residencial Athaíde Monteiro da Silva',2 ), 
(236, 'Residencial Júlio Domingos de Campos',2 ), 
(237, 'Residencial Paulo Leite da Silva',2 ), 
(238, 'Residencial Renato José dos Santos',2 ), 
(239, 'Santa Isabel',2 ), 
(240, 'São Matheus',2 ), 
(241, 'São Simão',2 ), 
(242, 'Treze de Setembro',2 ), 
(243, 'Vila Adriana',2 ), 
(244, 'Vila Canaã',2 ), 
(245, 'Vila Marcia',2 ), 
(246, 'Vila Margaridas',2 ), 
(247, 'Vila Nancy',2 ), 
(248, 'Vitória Régia',2 );

INSERT INTO pessoa(id,nome,nomemae, datanasc, telefones,email, cpf,idbairro,rua,numero, complemento, cep) VALUES 
(1,'Adriana Novais Martins','Letícia Novais Campos','1978-07-06','(65) 98859-6717','adriana44@gmail.com','666.959.661-84',130,'Rua Bom Jesus','47','','78015-610'), 
(2,'Lucas Rodrigues Nascimento','Juliana Rodrigues Costa','1980-05-14','(65) 99670-3135','lucas47@gmail.com','520.561.341-60',121,'Rua Cabriúva','41','','78085-465'), 
(3,'José Rocha Carvalho','Giovana Rocha Rodrigues','1991-05-29','(65) 98435-6828','jose65@gmail.com','190.139.871-41',212,'Travessa H','9','','78132-412'), 
(4,'Juliana Santos Monteiro','Amanda Santos Fernandes','1983-04-09','(65) 99537-1596','juliana82@gmail.com','824.902.411-76',26,'Rua Coronel Neto','41','','78020-835'), 
(5,'Ana Almeida Barros','Maria Almeida Sampaio','1994-11-14','(65) 99195-0364','ana43@gmail.com','971.944.421-59',32,'Rua das Garças','75','','78075-868'), 
(6,'Juliana Miranda Nascimento','Amanda Miranda Silva','1977-11-10','(65) 98634-4272','juliana50@gmail.com','440.140.991-48',200,'Rua Monte Azul','67','','78141-232'), 
(7,'Antônio Barros Araújo','Gabriela Barros Almeida','1982-07-02','(65) 98805-1888','antonio51@gmail.com','008.963.451-90',175,'Rua L','60','','78098-244'), 
(8,'Francisco Sampaio Rocha','Adriana Sampaio Rocha','1983-02-09','(65) 98607-7323','francisco19@gmail.com','354.340.191-21',4,'Rua Seis','40','','78088-555'), 
(9,'Carlos Oliveira Barros','Letícia Oliveira Almeida','1985-10-05','(65) 98983-9400','carlos75@gmail.com','483.508.041-65',239,'Rua Clara Nunes','34','','78150-846'), 
(10,'Antônio Santos Gomes','Juliana Santos Costa','1981-03-22','(65) 98001-6061','antonio93@gmail.com','005.574.211-44',231,'Rua México','56','','78132-638'), 
(11,'Luis Lima Ribeiro','Eduarda Lima Santos','1987-07-13','(65) 99441-6924','luis88@gmail.com','478.645.961-50',179,'Rua H','25','','78050-408'), 
(12,'Antônia Oliveira Barros','Giovana Oliveira Carvalho','1979-04-27','(65) 99337-0960','antonia13@gmail.com','725.723.661-50',228,'Rua Guaicuru','63','','78144-012'), 
(13,'Antônio Campos Sampaio','Aline Campos Costa','1992-03-15','(65) 98284-3500','antonio45@gmail.com','145.774.561-50',12,'Rua C','28','','78008-205'), 
(14,'Rafael Rodrigues Rocha','Márcia Rodrigues Carvalho','1994-11-03','(65) 99109-1211','rafael25@gmail.com','089.593.991-67',129,'Rua Pirineus','37','','78058-783'), 
(15,'Luis Barros Rocha','Patrícia Barros Novais','1992-03-09','(65) 98340-5898','luis49@gmail.com','152.346.751-73',176,'Rua das Borboletas','52','','78056-211'), 
(16,'Francisco Souza Campos','Amanda Souza Rodrigues','1977-12-30','(65) 99829-6696','francisco85@gmail.com','750.990.261-41',31,'Rua Vinte e Dois','96','','78090-828'), 
(17,'Rafael Monteiro Barros','Rafaela Monteiro Alves','1985-05-27','(65) 98109-0318','rafael97@gmail.com','196.693.461-00',221,'Avenida Los Angeles','71','','78149-270'), 
(18,'Antônia Miranda Rocha','Eduarda Miranda Rodrigues','1992-12-31','(65) 98808-6899','antonia99@gmail.com','852.449.261-95',171,'Rua Vinte e Cinco','66','','78093-300'), 
(19,'José Alves Moraes','Ana Alves Almeida','1981-07-20','(65) 98152-4733','jose49@gmail.com','995.571.451-45',132,'Avenida A','33','','78025-564'), 
(20,'José Sampaio Campos','Maria Sampaio Santos','1991-06-08','(65) 99364-6783','jose39@gmail.com','236.340.111-57',203,'Rua Luciano da Cruz','73','','78158-512'), 
(21,'Gabriel Pereira Fernandes','Luana Pereira Moraes','1977-05-24','(65) 99201-7356','gabriel21@gmail.com','886.165.671-43',70,'Rua Presidente Antônio Cezário Figueiredo','99','','78043-018'), 
(22,'Rafael Rocha Miranda','Juliana Rocha Martins','1981-02-12','(65) 99667-3463','rafael27@gmail.com','825.199.861-15',135,'Rua B','60','','78056-752'), 
(23,'Lucas Carvalho Lima','Antônia Carvalho Souza','1994-02-22','(65) 98724-8273','lucas16@gmail.com','570.200.001-34',215,'Rua Barra do Garças','38','','78142-850'), 
(24,'Rafael Oliveira Fernandes','Fernanda Oliveira Monteiro','1994-05-29','(65) 98109-8168','rafael33@gmail.com','475.953.341-95',239,'Rua Cento e Sessenta e Oito','59','','78150-622'), 
(25,'Francisca Alves Silva','Paula Alves Miranda','1994-01-20','(65) 98207-7538','francisca13@gmail.com','808.526.461-78',211,'Rua Dezesseis','70','','78142-056'), 
(26,'Márcia Rodrigues Ribeiro','Fernanda Rodrigues Mendes','1987-11-06','(65) 99105-6735','marcia62@gmail.com','890.382.201-38',51,'Travessa Coronel Costa Marques','96','','78043-316'), 
(27,'Carlos Moraes Costa','Antônia Moraes Fernandes','1994-05-06','(65) 98144-1295','carlos82@gmail.com','483.769.741-06',76,'Rua Patos de Minas','59','','78040-660'), 
(28,'Luis Costa Carvalho','Paula Costa Araújo','1976-02-23','(65) 99290-9514','luis84@gmail.com','561.666.411-17',65,'Rua F-12','23','','78093-500'), 
(29,'Paulo Moraes Santos','Ana Moraes Novais','1992-05-04','(65) 98653-2959','paulo83@gmail.com','439.277.051-60',198,'Rua Nossa Senhora Aparecida','27','','78128-452'), 
(30,'Paulo Mendes Monteiro','Adriana Mendes Martins','1981-02-15','(65) 98185-6358','paulo37@gmail.com','631.111.361-91',119,'Rua Esmeralda','4','','78094-644'), 
(31,'Luis Costa Alves','Aline Costa Araújo','1986-04-30','(65) 98164-1561','luis47@gmail.com','599.588.181-75',91,'Praça Telavive','32','','78065-139'), 
(32,'Gabriel Rodrigues Oliveira','Julia Rodrigues Pereira','1975-07-26','(65) 98531-4013','gabriel42@gmail.com','867.205.171-80',105,'Rua 6','46','','78068-056'), 
(33,'Paulo Silva Pereira','Adriana Silva Barros','1981-10-30','(65) 99510-3363','paulo25@gmail.com','534.143.271-12',199,'Rua Abacateiro','9','','78117-350'), 
(34,'Márcia Rodrigues Campos','Patrícia Rodrigues Novais','1976-02-29','(65) 99951-6122','marcia07@gmail.com','522.779.301-80',104,'Rua Dois','86','','78053-482'), 
(35,'Fernanda Martins Santos','Gabriela Martins Monteiro','1987-01-10','(65) 99800-1764','fernanda53@gmail.com','030.909.001-65',120,'Rua M-1','62','','78095-286'), 
(36,'Juliana Mendes Miranda','Márcia Mendes Novais','1976-12-06','(65) 98885-2681','juliana73@gmail.com','242.702.061-36',199,'Rua Moisés Salvador','24','','78118-812'), 
(37,'Juliana Monteiro Gomes','Amanda Monteiro Silva','1975-06-24','(65) 98539-6121','juliana09@gmail.com','171.024.511-56',226,'Rua Coronel Julião de Brito','2','','78120-577'), 
(38,'Antônio Ribeiro Almeida','Letícia Ribeiro Rodrigues','1977-02-20','(65) 99154-4992','antonio80@gmail.com','961.517.601-07',137,'Rua Oitenta e Quatro','84','','78095-600'), 
(39,'Márcia Campos Lima','Amanda Campos Rocha','1986-10-14','(65) 99537-6681','marcia42@gmail.com','592.517.341-43',8,'Rua Doutor Euricles Mota','73','','78010-715'), 
(40,'João Almeida Rodrigues','Adriana Almeida Souza','1993-07-14','(65) 98792-8481','joao56@gmail.com','792.314.651-98',49,'Rua Aripuanã','76','','78052-040'), 
(41,'João Costa Santos','Julia Costa Lima','1975-05-16','(65) 98454-9570','joao02@gmail.com','443.167.271-09',191,'Rua Antônio J. de Campos','44','','78125-450'), 
(42,'Antônio Gomes Moraes','Letícia Gomes Mendes','1983-06-02','(65) 99242-7297','antonio00@gmail.com','500.918.371-46',186,'Rua Goiás','5','','78110-815'), 
(43,'José Almeida Miranda','Eduarda Almeida Moraes','1992-02-06','(65) 98031-3150','jose55@gmail.com','870.923.241-90',238,'Rua Um','60','','78151-052'), 
(44,'Antônio Santos Barros','Luana Santos Monteiro','1986-03-28','(65) 99424-0900','antonio57@gmail.com','171.842.931-26',229,'Travessa São Paulo','87','','78115-155'), 
(45,'Juliana Rodrigues Carvalho','Eunice Rodrigues Mendes','1989-05-19','(65) 99724-4499','juliana33@gmail.com','820.222.531-08',15,'Rua Onze','17','','78068-554'), 
(46,'Carlos Campos Barros','Julia Campos Miranda','1978-01-25','(65) 98152-7335','carlos61@gmail.com','874.899.341-76',168,'Rua Marabas','77','','78060-520'), 
(47,'Gabriel Sampaio Gomes','Aline Sampaio Rodrigues','1993-08-22','(65) 99100-1859','gabriel98@gmail.com','851.967.371-62',106,'Rua C','73','','78090-511'), 
(48,'Francisca Santos Sampaio','Aline Santos Silva','1993-02-17','(65) 98992-4984','francisca14@gmail.com','360.519.601-20',240,'Rua Atlético Mineiro','70','','78152-058'), 
(49,'Adriana Almeida Lima','Eduarda Almeida Santos','1991-03-10','(65) 99776-5153','adriana31@gmail.com','272.561.571-26',191,'Travessa Palmas','30','','78135-607'), 
(50,'Rafael Monteiro Carvalho','Juliana Monteiro Almeida','1991-03-22','(65) 99789-5142','rafael16@gmail.com','784.514.641-22',147,'Rua 20','72','','78089-758'), 
(51,'Francisca Miranda Oliveira','Paula Miranda Carvalho','1978-01-10','(65) 98499-9415','francisca46@gmail.com','017.792.781-01',16,'Avenida Historiador Rubens de Mendonça','62','','1796'), 
(52,'Lucas Barros Araújo','Aline Barros Sampaio','1991-11-08','(65) 98444-3313','lucas86@gmail.com','180.836.591-77',111,'Rua da Felicidade','51','','78058-733'), 
(53,'Lucas Santos Rodrigues','Adriana Santos Barros','1978-05-22','(65) 98844-6559','lucas66@gmail.com','243.007.981-09',99,'Rua Cinco','67','','78091-316'), 
(54,'Francisca Santos Rodrigues','Aline Santos Silva','1977-05-05','(65) 98512-7380','francisca48@gmail.com','742.088.521-43',191,'Rua Miguel Leite','80','','78110-044'), 
(55,'Rafael Campos Silva','Fernanda Campos Martins','1978-06-16','(65) 98173-4205','rafael04@gmail.com','676.907.631-46',110,'Rua Várzea Bonita','59','','78058-653'), 
(56,'Lucas Carvalho Lima','Aline Carvalho Monteiro','1975-08-16','(65) 99839-7769','lucas25@gmail.com','809.305.271-27',215,'Rua Dezesseis','59','','78142-240'), 
(57,'Paulo Miranda Souza','Amanda Miranda Alves','1989-12-03','(65) 98661-3185','paulo21@gmail.com','556.565.611-78',200,'Rua da Justiça','30','','78140-272'), 
(58,'Carlos Novais Almeida','Julia Novais Alves','1989-08-24','(65) 98906-1097','carlos57@gmail.com','310.479.681-50',168,'Rua Maracas','56','','78060-340'), 
(59,'Patrícia Monteiro Barros','Julia Monteiro Almeida','1986-07-02','(65) 98541-1417','patricia93@gmail.com','564.176.781-64',82,'Rua Seis','82','','78070-068'), 
(60,'José Silva Martins','Adriana Silva Campos','1993-03-15','(65) 99023-5455','jose49@gmail.com','417.421.931-10',108,'Avenida Professora Edna Maria de Albuquerque Affi','94','','78098-615'), 
(61,'Antônia Costa Novais','Luana Costa Barros','1994-05-19','(65) 99102-8387','antonia46@gmail.com','726.051.081-12',200,'Rua Santa Cruz','36','','78141-252'), 
(62,'Francisco Miranda Oliveira','Paula Miranda Silva','1975-08-14','(65) 99054-2465','francisco47@gmail.com','614.885.221-70',5,'Rua Ponta Porã','50','','78048-560'), 
(63,'Gabriel Oliveira Ribeiro','Giovana Oliveira Rocha','1976-08-28','(65) 99733-7363','gabriel53@gmail.com','837.817.291-09',221,'Rua das Dálias (Res J D Campos)','27','','78156-317'), 
(64,'João Carvalho Rocha','Patrícia Carvalho Mendes','1984-05-05','(65) 99495-8612','joao66@gmail.com','998.737.791-24',5,'Rua Omã','28','','78048-266'), 
(65,'Antônia Lima Barros','Letícia Lima Almeida','1994-04-13','(65) 98473-9723','antonia50@gmail.com','125.504.401-29',228,'Rua Perpétua','23','','78144-454'), 
(66,'Paulo Souza Martins','Fernanda Souza Ribeiro','1984-03-25','(65) 98910-4462','paulo60@gmail.com','696.912.481-90',151,'Rua M','15','','78087-105'), 
(67,'Luis Campos Barros','Paula Campos Mendes','1991-06-07','(65) 98097-6689','luis12@gmail.com','364.653.961-57',229,'Rua Coronel José Augusto Gomes','43','','78115-705'), 
(68,'Fernanda Moraes Santos','Eduarda Moraes Monteiro','1989-12-12','(65) 99770-6452','fernanda09@gmail.com','619.715.621-06',177,'Rua Três','14','','78051-620'), 
(69,'Francisco Sampaio Pereira','Gabriela Sampaio Monteiro','1992-10-05','(65) 99904-5306','francisco52@gmail.com','171.811.191-68',36,'Alameda Ingá','58','','78049-539'), 
(70,'Gabriel Rodrigues Fernandes','Adriana Rodrigues Mendes','1975-01-28','(65) 98907-1588','gabriel17@gmail.com','070.267.131-24',215,'Rua Feliz Natal','24','','78142-889'), 
(71,'Lucas Alves Monteiro','Aline Alves Lima','1984-08-18','(65) 98726-0033','lucas48@gmail.com','674.789.891-52',39,'Rua Quatro','68','','78028-287'), 
(72,'João Moraes Monteiro','Eduarda Moraes Santos','1986-01-03','(65) 99209-4320','joao15@gmail.com','902.833.081-09',108,'Rua A-10','92','','78098-564'), 
(73,'Maria Fernandes Costa','Francisca Fernandes Martins','1988-11-22','(65) 99275-0388','maria43@gmail.com','565.964.091-55',241,'Avenida Maurilio Felfilli','19','','78145-845'), 
(74,'João Oliveira Silva','Adriana Oliveira Nascimento','1981-11-22','(65) 98378-2783','joao26@gmail.com','400.434.121-30',229,'Rua Professora Abgail Vieira','77','','78115-343'), 
(75,'Carlos Campos Alves','Luana Campos Mendes','1979-12-01','(65) 99931-7918','carlos48@gmail.com','708.495.441-49',5,'Rua dos Milagres','97','','78048-598'), 
(76,'Antônia Mendes Barros','Ana Mendes Costa','1979-07-13','(65) 98739-0319','antonia47@gmail.com','110.590.441-53',241,'Rua Quinze','33','','78145-820'), 
(77,'Maria Rodrigues Barros','Márcia Rodrigues Mendes','1984-01-31','(65) 99195-9850','maria76@gmail.com','348.502.051-60',34,'Avenida dos Florais','70','','78049-400'), 
(78,'Aline Miranda Araújo','Luana Miranda Santos','1978-12-16','(65) 99710-1540','aline06@gmail.com','309.100.771-50',191,'Rua Santa Catarina','45','','78135-590'), 
(79,'Francisco Martins Barros','Aline Martins Rocha','1981-01-28','(65) 98466-0787','francisco81@gmail.com','280.618.911-07',198,'Rua Ataulfo Alves','74','','78128-180'), 
(80,'Lucas Moraes Rocha','Paula Moraes Rocha','1994-02-24','(65) 98811-3819','lucas45@gmail.com','094.285.191-97',121,'Rodovia Palmiro Paes de Barros','83','','78085-417'), 
(81,'José Moraes Monteiro','Fernanda Moraes Mendes','1975-01-26','(65) 99979-1010','jose78@gmail.com','039.329.461-70',226,'Rua Tricolor (Lot Jd B Rio)','28','','78120-865'), 
(82,'Rafael Lima Moraes','Julia Lima Ribeiro','1989-06-02','(65) 99607-8994','rafael90@gmail.com','934.756.001-45',183,'Avenida Oito de Abril','73','','78030-367'), 
(83,'Ana Gomes Barros','Maria Gomes Miranda','1994-01-16','(65) 98016-9692','ana83@gmail.com','349.420.421-78',177,'Rua São Vicente','41','','78051-611'), 
(84,'Márcia Mendes Moraes','Juliana Mendes Barros','1991-11-15','(65) 99184-9076','marcia02@gmail.com','203.528.931-92',45,'Rua F','44','','78048-735'), 
(85,'Márcia Rodrigues Monteiro','Ana Rodrigues Alves','1994-02-14','(65) 98753-2518','marcia82@gmail.com','201.233.271-48',239,'Rua Gavião Real','77','','78150-278'), 
(86,'Márcia Araújo Pereira','Juliana Araújo Costa','1981-10-02','(65) 99007-5554','marcia94@gmail.com','153.353.161-79',167,'Rua Inglaterra','27','','78040-210'), 
(87,'José Rodrigues Campos','Antônia Rodrigues Costa','1991-09-09','(65) 98469-4826','jose78@gmail.com','453.046.871-24',228,'Rua Estado de São Paulo','14','','78144-542'), 
(88,'Luis Lima Novais','Giovana Lima Souza','1986-02-23','(65) 99203-6239','luis81@gmail.com','647.959.781-82',198,'Rua São Francisco de Assis','78','','78128-520'), 
(89,'Rafael Nascimento Monteiro','Juliana Nascimento Barros','1979-09-21','(65) 99821-8070','rafael00@gmail.com','222.815.301-08',85,'Rua Frei Caneca','79','','78061-358'), 
(90,'Rafael Fernandes Rocha','Giovana Fernandes Monteiro','1981-11-19','(65) 99303-8642','rafael14@gmail.com','554.225.321-04',122,'Avenida Fernando Correa da Costa','23','','78080-300'), 
(91,'Luis Costa Rodrigues','Fernanda Costa Alves','1991-02-22','(65) 98768-4856','luis25@gmail.com','595.765.931-23',142,'Rua Um','26','','78091-380'), 
(92,'Gabriel Souza Barros','Paula Souza Moraes','1980-04-16','(65) 99390-0480','gabriel15@gmail.com','615.960.751-04',216,'Rua Governador Arnaldo de Figueiredo','96','','78138-230'), 
(93,'Aline Miranda Souza','Gabriela Miranda Novais','1990-06-20','(65) 99139-5898','aline18@gmail.com','681.311.161-23',66,'Rua Aroeira','16','','78085-375'), 
(94,'Francisca Miranda Rodrigues','Amanda Miranda Silva','1976-03-02','(65) 98388-6581','francisca02@gmail.com','590.848.311-79',89,'Rua Ulisses Pedro de Alcântara','68','','78091-035'), 
(95,'Aline Alves Rocha','Ana Alves Monteiro','1978-05-15','(65) 99649-5681','aline65@gmail.com','322.824.731-75',247,'Rua Doze','92','','78142-192'), 
(96,'Gabriel Nascimento Barros','Maria Nascimento Mendes','1987-08-14','(65) 99418-2080','gabriel18@gmail.com','465.619.591-08',120,'Rua Cinqüenta e Seis','65','','78095-251'), 
(97,'Márcia Rocha Lima','Ana Rocha Lima','1987-01-12','(65) 99000-4137','marcia68@gmail.com','951.005.131-44',226,'Rua Alzira Soriano de Souza','55','','78120-096'), 
(98,'Maria Santos Costa','Amanda Santos Oliveira','1979-11-02','(65) 99340-8841','maria33@gmail.com','026.094.321-51',103,'Rua Foz do Iguaçu','3','','78055-240'), 
(99,'Rafael Nascimento Carvalho','Juliana Nascimento Carvalho','1992-03-16','(65) 99649-7851','rafael23@gmail.com','410.276.191-85',239,'Rua B','98','','78150-429'), 
(100,'Juliana Fernandes Rocha','Márcia Fernandes Barros','1993-04-14','(65) 99650-4893','juliana13@gmail.com','966.145.101-00',20,'Rua C','81','','78050-322'), 
(101,'Paulo Barros Ribeiro','Amanda Barros Mendes','1976-06-08','(65) 98954-1258','paulo84@gmail.com','028.332.431-70',127,'Rua Trinta e Oito','98','','78099-190'), 
(102,'Antônio Costa Novais','Adriana Costa Carvalho','1990-01-13','(65) 99209-6080','antonio94@gmail.com','831.087.311-57',229,'Rua Portugal','47','','78115-861'), 
(103,'Francisca Santos Fernandes','Amanda Santos Sampaio','1988-11-01','(65) 98119-8166','francisca03@gmail.com','457.147.721-05',229,'Avenida da FEB','60','','78115-806'), 
(104,'Fernanda Miranda Santos','Antônia Miranda Pereira','1994-02-17','(65) 99875-5931','fernanda92@gmail.com','104.062.421-94',103,'Rua Daniel Taques Rosa da Silva','1','','78055-530'), 
(105,'Fernanda Gomes Barros','Rafaela Gomes Barros','1991-09-24','(65) 99126-9544','fernanda53@gmail.com','810.173.281-02',228,'Rua Escolástica Pinheiro da Silva','32','','78144-656'), 
(106,'José Mendes Pereira','Paula Mendes Fernandes','1978-03-02','(65) 98392-5710','jose84@gmail.com','565.758.891-66',191,'Rua Tupinambá (Lot C Sul)','37','','78135-670'), 
(107,'Francisco Costa Gomes','Ana Costa Almeida','1994-05-18','(65) 99124-5155','francisco97@gmail.com','088.261.181-08',193,'Travessa Quatro','14','','78120-195'), 
(108,'Patrícia Lima Nascimento','Rafaela Lima Monteiro','1994-04-10','(65) 99007-6529','patricia91@gmail.com','669.995.341-95',226,'Rua Vila Alegre','68','','78120-665'), 
(109,'Rafael Mendes Campos','Antônia Mendes Moraes','1977-05-24','(65) 99194-9423','rafael16@gmail.com','839.093.421-32',97,'Rua Cinco','50','','78091-240'), 
(110,'João Barros Ribeiro','Amanda Barros Nascimento','1989-02-13','(65) 98068-5075','joao90@gmail.com','093.447.161-45',135,'Rua Z','23','','78058-650'), 
(111,'Adriana Araújo Rocha','Juliana Araújo Souza','1986-04-01','(65) 98524-5817','adriana50@gmail.com','999.618.691-17',72,'Rua dos Barus','32','','78061-304'), 
(112,'Lucas Novais Santos','Francisca Novais Carvalho','1977-08-07','(65) 99131-7499','lucas25@gmail.com','649.178.061-94',183,'Travessa Daniel Rodrigues','59','','78030-370'), 
(113,'Patrícia Araújo Alves','Maria Araújo Oliveira','1975-04-02','(65) 98381-3016','patricia71@gmail.com','253.318.351-20',176,'Rua das Paineiras','20','','78056-226'), 
(114,'Carlos Costa Ribeiro','Gabriela Costa Rodrigues','1983-06-15','(65) 98912-4029','carlos18@gmail.com','485.637.631-48',103,'Rua C','91','','78058-324'), 
(115,'Aline Santos Miranda','Luana Santos Barros','1986-02-16','(65) 99773-2615','aline88@gmail.com','387.130.271-66',228,'Rua Jaime Veríssimo de Campos Jr.','66','','78144-690'), 
(116,'Francisca Barros Costa','Fernanda Barros Monteiro','1985-09-06','(65) 99403-4495','francisca36@gmail.com','497.347.601-30',191,'Rua Martins','75','','78125-504'), 
(117,'Francisca Rocha Ribeiro','Ana Rocha Miranda','1980-05-19','(65) 99236-2358','francisca59@gmail.com','859.485.881-73',180,'Rua Duzentos e Vinte e Três','78','','78088-230'), 
(118,'Paulo Mendes Araújo','Adriana Mendes Santos','1989-05-23','(65) 98860-7837','paulo63@gmail.com','837.659.651-97',209,'Rua Onze','20','','78133-306'), 
(119,'Francisco Carvalho Barros','Amanda Carvalho Sampaio','1976-01-06','(65) 99169-7931','francisco09@gmail.com','636.477.331-13',239,'Rua Bahia','59','','78150-168'), 
(120,'Fernanda Miranda Oliveira','Giovana Miranda Rocha','1994-07-05','(65) 99334-6342','fernanda89@gmail.com','704.630.771-72',191,'Rua Presidente José de Alencar','4','','78110-089'), 
(121,'Fernanda Rocha Lima','Ana Rocha Alves','1988-05-29','(65) 98731-1074','fernanda11@gmail.com','107.821.841-20',163,'Rua Raul Santos Costa','94','','78048-160'), 
(122,'Lucas Martins Monteiro','Eduarda Martins Souza','1976-12-13','(65) 98352-3701','lucas51@gmail.com','442.530.331-80',151,'Rua J','48','','78087-108'), 
(123,'João Oliveira Almeida','Rafaela Oliveira Rodrigues','1991-09-09','(65) 99825-7231','joao68@gmail.com','273.255.711-00',62,'Rua Nove','87','','78051-430'), 
(124,'Fernanda Carvalho Miranda','Adriana Carvalho Sampaio','1991-08-12','(65) 99043-0756','fernanda45@gmail.com','122.043.041-23',167,'Rua Damasco','21','','78040-110'), 
(125,'João Silva Carvalho','Ana Silva Pereira','1983-09-02','(65) 98145-2418','joao68@gmail.com','533.367.021-86',241,'Avenida Frei Coimbra','40','','78145-548'), 
(126,'Luis Araújo Barros','Paula Araújo Alves','1976-02-09','(65) 98644-0399','luis96@gmail.com','464.228.411-75',99,'Rua Três','86','','78091-312'), 
(127,'Lucas Martins Miranda','Antônia Martins Carvalho','1994-08-16','(65) 98800-2743','lucas78@gmail.com','814.739.721-67',25,'Rua Barão de Melgaço','51','','302'), 
(128,'Fernanda Ribeiro Campos','Paula Ribeiro Rodrigues','1984-05-05','(65) 98016-2278','fernanda41@gmail.com','297.012.321-51',120,'Rua S-5','89','','78095-466'), 
(129,'Carlos Barros Santos','Luana Barros Rodrigues','1993-03-02','(65) 99397-4981','carlos84@gmail.com','465.983.651-71',2,'Rua Brasília','74','','78052-326'), 
(130,'João Barros Silva','Maria Barros Miranda','1982-05-17','(65) 99312-1550','joao43@gmail.com','393.358.891-05',215,'Rua Mato Grosso','37','','78142-508'), 
(131,'Paulo Almeida Silva','Maria Almeida Araújo','1984-01-03','(65) 99593-7010','paulo69@gmail.com','595.059.391-08',60,'Avenida das Palmeiras','44','','78080-100'), 
(132,'Lucas Carvalho Miranda','Aline Carvalho Campos','1980-07-18','(65) 98754-7287','lucas35@gmail.com','576.353.241-44',46,'Rua D','48','','78098-300'), 
(133,'Patrícia Moraes Alves','Fernanda Moraes Lima','1986-05-25','(65) 98114-7264','patricia84@gmail.com','331.262.441-06',228,'Rua Estado de São Paulo','22','','78144-630'), 
(134,'Márcia Souza Santos','Aline Souza Almeida','1977-08-29','(65) 98406-2447','marcia82@gmail.com','705.218.691-88',203,'Rua Santo Abílio','70','','78158-242'), 
(135,'Gabriel Lima Novais','Amanda Lima Monteiro','1984-03-20','(65) 99963-8309','gabriel20@gmail.com','475.849.551-34',200,'Rua José Bonifácio','62','','78140-306'), 
(136,'Juliana Silva Martins','Antônia Silva Alves','1987-11-19','(65) 99044-4979','juliana00@gmail.com','113.060.031-99',199,'Rua das Mangueiras','61','','78118-132'), 
(137,'Patrícia Monteiro Alves','Francisca Monteiro Carvalho','1989-08-04','(65) 99584-2803','patricia76@gmail.com','820.650.761-27',25,'Avenida Presidente Getúlio Vargas','65','','800'), 
(138,'José Fernandes Oliveira','Adriana Fernandes Lima','1976-06-01','(65) 99215-9144','jose30@gmail.com','791.919.321-49',127,'Rua Sessenta e Cinco','27','','78099-325'), 
(139,'Gabriel Moraes Rocha','Eduarda Moraes Oliveira','1986-01-21','(65) 98970-5125','gabriel53@gmail.com','446.163.081-10',16,'Rua Ametista','87','','78050-100'), 
(140,'Patrícia Martins Monteiro','Giovana Martins Alves','1987-04-08','(65) 98780-4765','patricia54@gmail.com','447.154.841-70',241,'Rua Sebastião Felfilli','5','','78145-867'), 
(141,'José Costa Martins','Antônia Costa Oliveira','1985-10-31','(65) 99331-8450','jose21@gmail.com','232.549.781-02',186,'Rua Tocantins','8','','78110-804'), 
(142,'Rafael Lima Carvalho','Eduarda Lima Alves','1982-09-14','(65) 99625-4561','rafael34@gmail.com','228.679.111-25',40,'Travessa Vacaria','0','','78085-095'), 
(143,'Antônia Campos Costa','Letícia Campos Martins','1994-10-28','(65) 99144-8653','antonia75@gmail.com','927.963.081-46',14,'Rua A','33','','78050-520'), 
(144,'Carlos Pereira Araújo','Rafaela Pereira Sampaio','1980-06-20','(65) 99453-3079','carlos37@gmail.com','481.532.011-07',200,'Rua Leite de Castro','98','','78141-120'), 
(145,'Francisca Oliveira Costa','Letícia Oliveira Campos','1990-05-28','(65) 98382-2841','francisca36@gmail.com','472.287.201-56',97,'Rua Oito','59','','78091-250'), 
(146,'Maria Rodrigues Araújo','Márcia Rodrigues Martins','1987-03-12','(65) 98752-9981','maria81@gmail.com','296.717.971-05',103,'Rua Codorna','82','','78058-138'), 
(147,'João Novais Mendes','Rafaela Novais Barros','1978-01-26','(65) 98636-3539','joao44@gmail.com','888.092.871-69',203,'Rua América do Sul (Lot N Sacre)','68','','78159-102'), 
(148,'Antônia Souza Campos','Rafaela Souza Barros','1979-10-19','(65) 99407-1765','antonia73@gmail.com','673.776.881-49',215,'Rua Estados Unidos','24','','78143-350'), 
(149,'Márcia Martins Santos','Ana Martins Rodrigues','1980-11-16','(65) 99774-4605','marcia85@gmail.com','714.180.241-04',132,'Travessa Terenos','36','','78025-453'), 
(150,'Rafael Lima Araújo','Letícia Lima Carvalho','1993-11-17','(65) 98206-2484','rafael85@gmail.com','872.153.501-93',164,'Rua Alberto de Oliveira','99','','78068-210'), 
(151,'Antônio Alves Ribeiro','Gabriela Alves Moraes','1993-12-22','(65) 98917-7226','antonio48@gmail.com','321.039.751-11',126,'Rua C','62','','78098-141'), 
(152,'Carlos Fernandes Monteiro','Fernanda Fernandes Campos','1992-09-07','(65) 98381-7477','carlos49@gmail.com','915.517.461-23',191,'Rua Presidente Costa e Silva','65','','78125-220'), 
(153,'Carlos Mendes Almeida','Patrícia Mendes Rodrigues','1990-03-05','(65) 98505-9933','carlos36@gmail.com','852.798.331-18',190,'Rua Governador Pedro Pedrossian','57','','78110-354'), 
(154,'Maria Lima Souza','Francisca Lima Fernandes','1984-05-22','(65) 99171-4182','maria25@gmail.com','607.483.631-06',72,'Rua das Canelas','53','','78061-316'), 
(155,'Rafael Moraes Barros','Letícia Moraes Souza','1979-02-04','(65) 98952-6686','rafael33@gmail.com','928.493.921-62',200,'Rua da Atlântica','17','','78141-339'), 
(156,'Paulo Nascimento Barros','Juliana Nascimento Costa','1986-09-22','(65) 99570-5756','paulo15@gmail.com','468.026.741-06',67,'Rua Cinco','63','','78090-574'), 
(157,'Antônio Oliveira Novais','Antônia Oliveira Moraes','1989-08-31','(65) 99661-1673','antonio47@gmail.com','475.681.621-50',83,'Rua J','7','','78090-225'), 
(158,'Fernanda Lima Martins','Gabriela Lima Pereira','1988-06-06','(65) 98924-1760','fernanda91@gmail.com','925.260.981-49',216,'Rua Dom Aquino','21','','78138-156'), 
(159,'Ana Mendes Carvalho','Amanda Mendes Campos','1985-11-19','(65) 99260-8830','ana59@gmail.com','488.715.861-07',217,'Rua Quarenta e Três','91','','78133-528'), 
(160,'Francisco Campos Oliveira','Letícia Campos Miranda','1988-01-23','(65) 99753-0762','francisco83@gmail.com','688.341.171-23',127,'Rua Quarenta e Três','79','','78099-215'), 
(161,'Antônia Sampaio Silva','Fernanda Sampaio Ribeiro','1988-05-14','(65) 99996-4860','antonia66@gmail.com','210.914.791-19',147,'Avenida D','23','','78090-305'), 
(162,'Lucas Santos Rocha','Aline Santos Monteiro','1989-03-11','(65) 99432-6621','lucas24@gmail.com','902.154.531-40',186,'Rua da Curva','12','','78110-724'), 
(163,'Gabriel Campos Barros','Patrícia Campos Carvalho','1989-07-25','(65) 98763-2266','gabriel59@gmail.com','592.101.451-60',71,'Rua 12','52','','78099-470'), 
(164,'Paulo Lima Barros','Letícia Lima Gomes','1979-05-28','(65) 98494-3646','paulo17@gmail.com','417.779.441-47',94,'Rua Projetada 10','34','','78075-530'), 
(165,'Antônia Moraes Costa','Maria Moraes Monteiro','1987-08-29','(65) 99523-4935','antonia17@gmail.com','568.181.861-65',200,'Rua Marcelândia','72','','78140-215'), 
(166,'Maria Silva Carvalho','Eduarda Silva Carvalho','1981-11-21','(65) 98806-4305','maria71@gmail.com','882.334.441-70',231,'Rua Cento e Sessenta','1','','78132-070'), 
(167,'Aline Almeida Miranda','Rafaela Almeida Barros','1979-03-16','(65) 98951-5503','aline65@gmail.com','285.613.051-85',221,'Rua Rio Piquiri','2','','78149-644'), 
(168,'Adriana Oliveira Barros','Aline Oliveira Almeida','1982-10-09','(65) 99867-6062','adriana79@gmail.com','966.363.221-60',147,'Rua 23','49','','78089-608'), 
(169,'Francisco Nascimento Lima','Antônia Nascimento Barros','1975-02-16','(65) 99136-6463','francisco71@gmail.com','559.503.241-37',11,'Rua das Andorinhas','89','','78035-610'), 
(170,'José Santos Pereira','Julia Santos Barros','1977-10-23','(65) 99373-4899','jose90@gmail.com','381.737.911-04',199,'Rua das Papoulas','83','','78117-324'), 
(171,'Antônio Campos Gomes','Aline Campos Santos','1992-11-04','(65) 98637-0094','antonio36@gmail.com','553.573.201-01',231,'Rua Real Verde','46','','78132-196'), 
(172,'Antônio Barros Ribeiro','Francisca Barros Almeida','1978-04-08','(65) 99636-7164','antonio84@gmail.com','059.110.771-67',228,'Rua 19 de Abril','65','','78144-364'), 
(173,'Lucas Sampaio Moraes','Paula Sampaio Souza','1990-11-30','(65) 99218-1246','lucas47@gmail.com','982.000.451-96',104,'Rua D','89','','78053-174'), 
(174,'Ana Almeida Alves','Márcia Almeida Novais','1979-07-16','(65) 98828-7024','ana86@gmail.com','803.172.031-26',103,'Rua Bico-de-Agulha','28','','78058-128'), 
(175,'Luis Alves Souza','Ana Alves Miranda','1990-04-20','(65) 98529-5677','luis66@gmail.com','782.918.451-82',239,'Rua Colômbia','87','','78150-306'), 
(176,'Francisca Oliveira Araújo','Paula Oliveira Souza','1987-01-28','(65) 99678-7745','francisca40@gmail.com','702.398.511-53',14,'Rua Sete','63','','78050-548'), 
(177,'Lucas Araújo Novais','Fernanda Araújo Lima','1994-05-06','(65) 98669-9659','lucas67@gmail.com','445.893.221-70',234,'Rua Quatro','65','','78151-014'), 
(178,'Paulo Novais Gomes','Paula Novais Araújo','1975-08-25','(65) 99937-6849','paulo87@gmail.com','330.439.841-45',200,'Rua Senador Lúcio Bittencourt','29','','78141-220'), 
(179,'Antônia Carvalho Nascimento','Giovana Carvalho Rocha','1990-06-12','(65) 98037-0954','antonia57@gmail.com','723.019.521-77',90,'Rua Ceilão','29','','78070-150'), 
(180,'Rafael Fernandes Miranda','Adriana Fernandes Moraes','1989-07-12','(65) 99794-3978','rafael20@gmail.com','044.824.851-44',94,'Rua Projetada 3','60','','78075-500'), 
(181,'Adriana Costa Mendes','Juliana Costa Souza','1988-09-20','(65) 99008-0568','adriana03@gmail.com','608.462.291-70',5,'Rua Omã','18','','78048-266'), 
(182,'Paulo Nascimento Barros','Rafaela Nascimento Almeida','1992-07-25','(65) 98826-1397','paulo30@gmail.com','547.982.561-53',216,'Avenida Filinto Müller','5','','78138-785'), 
(183,'Patrícia Alves Fernandes','Giovana Alves Lima','1985-06-05','(65) 98610-8221','patricia43@gmail.com','360.295.061-10',16,'Avenida Historiador Rubens De Mendonça 3355','20','','78050-923'), 
(184,'Lucas Gomes Monteiro','Rafaela Gomes Miranda','1990-09-02','(65) 98323-3126','lucas84@gmail.com','999.681.841-10',47,'Travessa São José Operário','71','','78015-165'), 
(185,'Luis Almeida Silva','Rafaela Almeida Oliveira','1976-05-21','(65) 99395-0060','luis55@gmail.com','224.350.941-59',200,'Rua da Tailândia','29','','78140-444'), 
(186,'Antônia Fernandes Campos','Francisca Fernandes Nascimento','1975-12-19','(65) 98721-8769','antonia72@gmail.com','936.997.851-81',191,'Rua Limoeiro','91','','78125-775'), 
(187,'Lucas Carvalho Campos','Luana Carvalho Campos','1994-08-17','(65) 98517-0710','lucas10@gmail.com','345.236.421-68',34,'Rua das Hortências','49','','78049-402'), 
(188,'Juliana Souza Sampaio','Márcia Souza Rodrigues','1981-08-20','(65) 99440-9070','juliana76@gmail.com','548.022.731-93',221,'Travessa Quarenta e Sete','41','','78149-428'), 
(189,'Juliana Santos Mendes','Giovana Santos Rocha','1975-05-17','(65) 99514-3158','juliana71@gmail.com','383.956.421-21',221,'Rua Copo de Leite (Res J D Campos)','35','','78156-309'), 
(190,'João Monteiro Nascimento','Maria Monteiro Araújo','1976-10-22','(65) 99066-2009','joao25@gmail.com','285.497.131-04',199,'Rua das Araras','80','','78118-790'), 
(191,'Gabriel Lima Martins','Patrícia Lima Almeida','1990-06-26','(65) 98825-4610','gabriel17@gmail.com','334.096.561-70',186,'Rua Bahia','20','','78110-828'), 
(192,'José Fernandes Lima','Ana Fernandes Araújo','1989-05-08','(65) 98801-5356','jose46@gmail.com','635.586.351-67',58,'Rua das Dálias','57','','78043-152'), 
(193,'Ana Lima Barros','Amanda Lima Silva','1986-07-21','(65) 98582-5739','ana67@gmail.com','444.166.221-12',126,'Avenida A','29','','78098-133'), 
(194,'Lucas Rodrigues Gomes','Julia Rodrigues Campos','1991-04-19','(65) 98773-3948','lucas77@gmail.com','254.574.281-33',221,'Rua Cará','29','','78149-368'), 
(195,'Fernanda Almeida Oliveira','Paula Almeida Novais','1980-12-01','(65) 99860-9295','fernanda48@gmail.com','907.043.871-23',200,'Rua Serra Tiririca','83','','78141-278'), 
(196,'Francisco Nascimento Sampaio','Márcia Nascimento Lima','1989-08-14','(65) 98647-7753','francisco39@gmail.com','492.766.081-84',135,'Rua Dois','40','','78056-756'), 
(197,'Ana Lima Monteiro','Letícia Lima Nascimento','1979-06-25','(65) 99557-4423','ana04@gmail.com','141.835.281-00',215,'Rua Violeta','68','','78155-155'), 
(198,'Juliana Barros Sampaio','Antônia Barros Silva','1983-10-13','(65) 98047-2804','juliana57@gmail.com','076.438.241-18',26,'Rua Joaquim Murtinho','99','','78020-290'), 
(199,'Carlos Martins Alves','Ana Martins Lima','1985-07-20','(65) 98676-1955','carlos69@gmail.com','080.155.061-07',127,'Rua Dois','87','','78099-010'), 
(200,'Juliana Carvalho Rocha','Eduarda Carvalho Miranda','1992-01-06','(65) 99703-2054','juliana11@gmail.com','739.127.421-62',188,'Rua Benedito Xavier de Campos','5','','78135-164'), 
(201,'Antônio Nascimento Oliveira','Aline Nascimento Souza','1983-07-09','(65) 98032-5571','antonio83@gmail.com','767.295.841-06',147,'Rua 4','59','','78089-724'), 
(202,'Antônia Souza Novais','Eunice Souza Alves','1982-12-10','(65) 99465-1479','antonia45@gmail.com','459.414.251-63',191,'Rua Vinícius de Moraes','59','','78125-026'), 
(203,'Ana Rodrigues Monteiro','Antônia Rodrigues Monteiro','1977-02-07','(65) 98594-5779','ana07@gmail.com','246.614.721-10',239,'Rua Estoril','53','','78150-158'), 
(204,'Luis Pereira Silva','Eduarda Pereira Monteiro','1990-09-20','(65) 98349-7144','luis31@gmail.com','552.646.211-01',79,'Rua Treze','88','','78052-724'), 
(205,'João Barros Sampaio','Ana Barros Martins','1994-07-25','(65) 98957-1681','joao60@gmail.com','230.505.721-08',199,'Rua Seis','88','','78118-208'), 
(206,'João Silva Nascimento','Eunice Silva Souza','1991-12-24','(65) 98313-3261','joao92@gmail.com','687.926.591-01',199,'Avenida Dom Orlando Chaves','62','','78117-400'), 
(207,'Ana Rocha Barros','Eduarda Rocha Fernandes','1980-11-30','(65) 99574-0616','ana35@gmail.com','568.801.841-03',221,'Rua Azaleia','39','','78149-560'), 
(208,'José Novais Almeida','Adriana Novais Carvalho','1985-07-03','(65) 99688-2055','jose84@gmail.com','799.199.601-87',138,'Rua Gaivota','56','','78075-340'), 
(209,'Paulo Novais Miranda','Francisca Novais Fernandes','1982-05-17','(65) 98294-9300','paulo06@gmail.com','777.846.101-30',200,'Rua do Induquistão','70','','78140-458'), 
(210,'Antônia Rodrigues Miranda','Julia Rodrigues Santos','1989-03-13','(65) 99170-1667','antonia21@gmail.com','822.682.491-58',97,'Rua Sete','61','','78091-248'), 
(211,'Carlos Novais Almeida','Ana Novais Costa','1990-01-08','(65) 98429-3524','carlos25@gmail.com','619.982.531-47',111,'Rua Ipiranga','49','','78058-729'), 
(212,'Lucas Sampaio Santos','Juliana Sampaio Rodrigues','1982-10-05','(65) 99860-7540','lucas40@gmail.com','604.181.991-32',166,'Rua do Senador','54','','78091-120'), 
(213,'Paulo Monteiro Nascimento','Juliana Monteiro Carvalho','1986-03-19','(65) 99431-1898','paulo49@gmail.com','613.349.251-19',215,'Rua Inocência','39','','78142-522'), 
(214,'Juliana Santos Silva','Paula Santos Araújo','1986-01-04','(65) 99737-4709','juliana54@gmail.com','078.041.731-30',191,'Rua Presidente Campos Sales','17','','78125-205'), 
(215,'Francisca Miranda Ribeiro','Letícia Miranda Rocha','1990-07-25','(65) 98349-4185','francisca49@gmail.com','271.341.741-40',180,'Rua Duzentos e Doze','70','','78088-180'), 
(216,'Gabriel Miranda Barros','Eunice Miranda Costa','1980-08-08','(65) 99142-8633','gabriel59@gmail.com','885.507.981-69',80,'Rua Quinze','87','','78088-813'), 
(217,'Antônia Barros Moraes','Paula Barros Pereira','1980-07-05','(65) 99859-7459','antonia85@gmail.com','412.702.521-27',199,'Rua Presidente Paulo Magessi','71','','78118-300'), 
(218,'Carlos Carvalho Campos','Adriana Carvalho Novais','1986-03-01','(65) 99198-5588','carlos10@gmail.com','979.826.041-45',24,'Rua Seis','74','','s/n'), 
(219,'Lucas Sampaio Souza','Francisca Sampaio Pereira','1978-01-20','(65) 98458-5741','lucas61@gmail.com','302.707.161-06',199,'Avenida Dom Orlando Chaves','93','','78117-400'), 
(220,'João Silva Gomes','Julia Silva Pereira','1988-03-31','(65) 99290-5218','joao27@gmail.com','924.858.591-40',71,'Alameda E','16','','78098-684'), 
(221,'Lucas Costa Mendes','Rafaela Costa Gomes','1980-08-14','(65) 99340-6525','lucas11@gmail.com','653.734.231-73',108,'Rua José Bruno da Guia','16','','78098-548'), 
(222,'José Araújo Carvalho','Aline Araújo Lima','1977-12-07','(65) 98288-9177','jose48@gmail.com','370.578.801-97',231,'Avenida Silvano de Oliveira Silva (Lot V Régia)','11','','78132-040'), 
(223,'Antônia Martins Rodrigues','Amanda Martins Araújo','1985-02-02','(65) 98982-7309','antonia51@gmail.com','913.399.601-68',117,'Avenida Ouro Preto','10','','78055-676'), 
(224,'Lucas Araújo Alves','Eduarda Araújo Sampaio','1981-07-25','(65) 99477-0390','lucas52@gmail.com','024.487.921-43',25,'Rua Zulmira Canavarros','78','','78005-200'), 
(225,'Maria Costa Monteiro','Adriana Costa Campos','1984-07-07','(65) 98170-5598','maria96@gmail.com','516.751.661-70',241,'Rua Sete','34','','78145-823'), 
(226,'Ana Santos Miranda','Amanda Santos Sampaio','1979-05-28','(65) 99559-0458','ana07@gmail.com','882.022.791-60',241,'Rua Catorze','68','','78145-810'), 
(227,'Antônia Santos Alves','Letícia Santos Oliveira','1986-03-01','(65) 98367-4570','antonia10@gmail.com','537.107.061-30',239,'Travessa Müller','92','','78150-807'), 
(228,'Fernanda Gomes Novais','Ana Gomes Oliveira','1989-12-26','(65) 98549-2166','fernanda54@gmail.com','757.608.531-20',171,'Rua Doze','29','','78093-320'), 
(229,'Luis Souza Alves','Aline Souza Lima','1982-01-26','(65) 99921-5925','luis74@gmail.com','550.551.761-72',182,'Avenida Fernando Correa da Costa','48','','2367'), 
(230,'Patrícia Sampaio Carvalho','Aline Sampaio Lima','1980-08-08','(65) 99935-8810','patricia86@gmail.com','208.812.111-09',231,'Rua C','92','','78132-392'), 
(231,'Maria Pereira Moraes','Patrícia Pereira Miranda','1975-07-21','(65) 99678-9412','maria68@gmail.com','878.810.461-39',84,'Avenida Senador Metello','71','','78030-005'), 
(232,'José Pereira Silva','Maria Pereira Fernandes','1992-10-29','(65) 98555-4948','jose96@gmail.com','612.041.801-64',47,'Rua Paes de Oliveira','60','','78015-310'), 
(233,'Adriana Mendes Novais','Juliana Mendes Souza','1979-05-27','(65) 98281-8654','adriana80@gmail.com','415.466.731-99',107,'Rua G','0','','78056-030'), 
(234,'Maria Campos Moraes','Márcia Campos Fernandes','1989-10-12','(65) 98725-4909','maria47@gmail.com','852.996.181-15',60,'Travessa Mogno','79','','78080-140'), 
(235,'Adriana Lima Monteiro','Márcia Lima Carvalho','1986-11-10','(65) 99806-8410','adriana12@gmail.com','404.435.061-24',25,'Rua Galdino Pimentel','87','','14'), 
(236,'Luis Costa Pereira','Fernanda Costa Gomes','1976-11-25','(65) 98428-7864','luis87@gmail.com','551.545.181-36',222,'Rua Pedro da Silva','64','','78148-562'), 
(237,'Francisco Souza Mendes','Maria Souza Gomes','1983-05-06','(65) 99005-3767','francisco76@gmail.com','425.867.611-03',46,'Rua T','60','','78098-460'), 
(238,'Antônia Oliveira Silva','Eduarda Oliveira Sampaio','1978-10-07','(65) 99759-9013','antonia18@gmail.com','890.323.791-94',114,'Rua Tapiraí','33','','78028-380'), 
(239,'Antônia Novais Barros','Francisca Novais Monteiro','1986-11-15','(65) 98808-7051','antonia68@gmail.com','617.963.561-74',228,'Rua das Dálias','95','','78144-452'), 
(240,'Antônia Rodrigues Santos','Julia Rodrigues Martins','1977-02-08','(65) 99637-9278','antonia67@gmail.com','511.046.021-30',15,'Rua Vinte e Três','89','','78068-635'), 
(241,'João Fernandes Mendes','Maria Fernandes Araújo','1992-01-03','(65) 99937-3257','joao79@gmail.com','172.823.331-30',138,'Rua Tuiuiú','89','','78075-250'), 
(242,'José Campos Sampaio','Juliana Campos Mendes','1986-08-15','(65) 99674-5808','jose13@gmail.com','607.088.771-92',108,'Rua Satéro Procópio de Campos','5','','78098-575'), 
(243,'Carlos Costa Fernandes','Julia Costa Novais','1985-10-16','(65) 99449-3099','carlos35@gmail.com','688.199.501-62',201,'Avenida Alzira Santana','6','','78130-470'), 
(244,'Márcia Alves Campos','Paula Alves Barros','1987-01-15','(65) 99040-1182','marcia14@gmail.com','172.395.061-00',9,'Avenida General Vale','26','','78010-000'), 
(245,'Fernanda Rocha Rodrigues','Rafaela Rocha Santos','1994-07-24','(65) 99446-8377','fernanda39@gmail.com','985.240.801-16',8,'Rua T','20','','78010-395'), 
(246,'Lucas Mendes Souza','Amanda Mendes Miranda','1985-10-06','(65) 99379-8597','lucas29@gmail.com','309.456.231-00',150,'Rua Um','77','','78096-044'), 
(247,'Gabriel Sampaio Monteiro','Ana Sampaio Campos','1977-10-21','(65) 99013-1464','gabriel79@gmail.com','373.522.931-08',22,'Rua Amâncio Pedroso de Jesus','43','','78050-660'), 
(248,'Antônio Sampaio Rocha','Maria Sampaio Araújo','1990-03-09','(65) 99886-7509','antonio61@gmail.com','872.967.221-00',200,'Rua 7 de Setembro','10','','78140-710'), 
(249,'Lucas Barros Alves','Luana Barros Pereira','1991-10-10','(65) 99928-0456','lucas40@gmail.com','802.111.301-41',103,'Rua Marreca','12','','78058-202'), 
(250,'Márcia Lima Costa','Giovana Lima Sampaio','1976-02-06','(65) 99355-1051','marcia58@gmail.com','190.101.921-72',45,'Rua C','48','','78048-720'), 
(251,'Patrícia Sampaio Araújo','Ana Sampaio Pereira','1978-12-08','(65) 98274-0540','patricia33@gmail.com','955.515.801-05',14,'Rua Três','40','','78050-536'), 
(252,'Carlos Mendes Moraes','Juliana Mendes Barros','1988-07-12','(65) 98993-8672','carlos15@gmail.com','319.119.371-54',226,'Rua Coronel Julião de Brito','48','','78120-441'), 
(253,'Aline Silva Moraes','Amanda Silva Miranda','1977-09-27','(65) 98586-4271','aline35@gmail.com','661.511.111-09',16,'Avenida Historiador Rubens De Mendonça','40','','S/n'), 
(254,'Rafael Barros Oliveira','Rafaela Barros Nascimento','1981-01-28','(65) 98240-9736','rafael35@gmail.com','538.689.891-45',45,'Rua Calmaria','81','','78048-229'), 
(255,'José Sampaio Gomes','Juliana Sampaio Silva','1980-09-08','(65) 98244-6546','jose77@gmail.com','712.705.621-85',167,'Rua Senegal','91','','78040-330'), 
(256,'João Costa Campos','Eduarda Costa Rocha','1991-10-13','(65) 99423-3663','joao89@gmail.com','533.757.721-22',38,'Rua A','96','','78057-200'), 
(257,'Carlos Gomes Pereira','Luana Gomes Rodrigues','1985-10-29','(65) 99562-5503','carlos70@gmail.com','899.072.731-63',238,'Rua Dois','22','','78151-050'), 
(258,'Adriana Silva Ribeiro','Patrícia Silva Alves','1982-06-11','(65) 99591-8952','adriana48@gmail.com','750.224.161-23',190,'Rua Nova (Lot C Sul)','50','','78110-445'), 
(259,'Antônio Rodrigues Alves','Patrícia Rodrigues Moraes','1976-04-12','(65) 98238-5404','antonio01@gmail.com','272.148.991-75',189,'Rua Cleide Jorgina de Souza','58','','78134-244'), 
(260,'Lucas Fernandes Araújo','Patrícia Fernandes Barros','1989-09-23','(65) 99805-3623','lucas82@gmail.com','397.638.551-44',226,'Rua Doutor Quincas','42','','78120-348'), 
(261,'João Carvalho Santos','Eunice Carvalho Moraes','1984-07-12','(65) 98636-7237','joao44@gmail.com','098.190.381-97',231,'Rua Vereador Heroclito Leoncio Monteiro','29','','78132-776'), 
(262,'Lucas Silva Santos','Gabriela Silva Monteiro','1983-04-05','(65) 98872-5842','lucas06@gmail.com','743.813.491-13',212,'Travessa K','76','','78132-415'), 
(263,'Aline Mendes Campos','Paula Mendes Campos','1991-07-08','(65) 99139-7681','aline21@gmail.com','913.866.751-72',98,'Rua Francisco de Assis Soares da Silva','88','','78008-820'), 
(264,'Francisco Lima Mendes','Fernanda Lima Oliveira','1990-08-05','(65) 99169-1905','francisco14@gmail.com','497.287.071-00',226,'Rua Maria Rita Soares de Andrade','64','','78120-060'), 
(265,'Carlos Gomes Pereira','Ana Gomes Mendes','1982-05-02','(65) 99115-9456','carlos31@gmail.com','511.265.081-87',142,'Rua Nove','59','','78091-396'), 
(266,'Fernanda Carvalho Pereira','Adriana Carvalho Mendes','1988-10-18','(65) 98997-8961','fernanda46@gmail.com','351.115.171-62',226,'Rua Presidente Paulo Marques','77','','78120-335'), 
(267,'Ana Monteiro Carvalho','Julia Monteiro Sampaio','1976-08-29','(65) 98624-2961','ana72@gmail.com','257.370.441-65',108,'Avenida V-2','90','','78098-563'), 
(268,'Francisco Gomes Lima','Márcia Gomes Rocha','1994-11-16','(65) 99062-5814','francisco81@gmail.com','653.789.131-01',199,'Rua Garibaldi','58','','78118-802'), 
(269,'Lucas Mendes Oliveira','Gabriela Mendes Silva','1978-04-28','(65) 98259-4070','lucas48@gmail.com','694.548.271-54',29,'Rua Manaus','47','','78028-730'), 
(270,'Paulo Novais Fernandes','Ana Novais Campos','1976-09-22','(65) 98513-6212','paulo63@gmail.com','882.017.181-35',189,'Rua Colider','66','','78134-276'), 
(271,'Márcia Fernandes Barros','Francisca Fernandes Rodrigues','1981-02-07','(65) 98262-6150','marcia45@gmail.com','708.946.471-72',186,'Rua Principado de Mônaco','69','','78110-740'), 
(272,'Juliana Fernandes Monteiro','Eduarda Fernandes Moraes','1975-03-13','(65) 99101-2340','juliana21@gmail.com','064.355.381-90',103,'Rua Canarinho','37','','78058-190'), 
(273,'Carlos Barros Moraes','Adriana Barros Fernandes','1991-04-24','(65) 98824-4148','carlos69@gmail.com','142.006.141-03',200,'Rua Serra Petrovina','98','','78141-270'), 
(274,'Lucas Fernandes Carvalho','Rafaela Fernandes Barros','1976-05-24','(65) 98519-4878','lucas65@gmail.com','647.308.351-07',127,'Rua Cinqüenta e Quatro','70','','78099-270'), 
(275,'Fernanda Santos Mendes','Eduarda Santos Costa','1977-11-20','(65) 98591-9296','fernanda97@gmail.com','314.317.651-20',240,'Rua Francisco Alves','31','','78152-112'), 
(276,'Aline Carvalho Alves','Adriana Carvalho Almeida','1975-12-28','(65) 98473-7944','aline43@gmail.com','748.847.191-15',146,'Rua D1','48','','78005-815'), 
(277,'Paulo Mendes Santos','Ana Mendes Santos','1990-02-04','(65) 98549-2367','paulo64@gmail.com','042.496.941-60',239,'Rua Miracema','17','','78150-750'), 
(278,'Lucas Mendes Miranda','Gabriela Mendes Barros','1976-12-16','(65) 98086-5862','lucas84@gmail.com','827.397.761-79',145,'Rua E','39','','78057-510'), 
(279,'Rafael Monteiro Novais','Francisca Monteiro Barros','1989-10-18','(65) 98240-8449','rafael91@gmail.com','306.804.391-37',103,'Rua Oitenta e Quatro','74','','78058-494'), 
(280,'Adriana Ribeiro Silva','Paula Ribeiro Miranda','1982-01-22','(65) 98652-4955','adriana04@gmail.com','052.882.331-01',114,'Rua Adavilson da Cruz','33','','78028-315'), 
(281,'Adriana Gomes Nascimento','Luana Gomes Rocha','1983-03-17','(65) 99798-1468','adriana14@gmail.com','575.722.601-36',4,'Rua Quatro','30','','78088-490'), 
(282,'Ana Barros Silva','Eduarda Barros Oliveira','1981-11-20','(65) 99229-3575','ana76@gmail.com','482.057.171-09',61,'Alameda dos Ipês Brancos','91','','78088-630'), 
(283,'Ana Mendes Souza','Aline Mendes Miranda','1980-01-17','(65) 99495-0222','ana42@gmail.com','419.184.341-90',240,'Rua Dante Martins de Oliveira','64','','78152-010'), 
(284,'Carlos Oliveira Lima','Adriana Oliveira Miranda','1994-01-23','(65) 99061-1842','carlos53@gmail.com','980.784.171-28',226,'Rua Presidente Luís de Albuquerque (Cohab C Rei)','27','','78120-310'), 
(285,'Lucas Santos Costa','Amanda Santos Pereira','1994-03-15','(65) 99260-7058','lucas06@gmail.com','903.571.791-02',11,'Rua Tenente-Coronel Napion','82','','78040-868'), 
(286,'Carlos Mendes Sampaio','Paula Mendes Martins','1993-05-25','(65) 99472-9465','carlos88@gmail.com','670.075.611-10',65,'Rua F-11','73','','78093-530'), 
(287,'Gabriel Costa Alves','Rafaela Costa Nascimento','1983-03-07','(65) 99803-3523','gabriel88@gmail.com','354.551.601-68',226,'Rua Tricolor','98','','78120-455'), 
(288,'Francisca Costa Pereira','Gabriela Costa Moraes','1987-11-24','(65) 99430-8052','francisca21@gmail.com','872.061.931-61',116,'Rua Nove','28','','78093-590'), 
(289,'Ana Moraes Barros','Francisca Moraes Campos','1992-05-01','(65) 98573-9614','ana13@gmail.com','177.578.521-10',200,'Rua Dito de Figueiredo','10','','78141-110'), 
(290,'Fernanda Rodrigues Costa','Aline Rodrigues Miranda','1984-01-19','(65) 98593-2300','fernanda28@gmail.com','247.919.041-25',193,'Rua Presidente João Carlos Pimentel (Cohab C Rei)','4','','78120-110'), 
(291,'Paulo Sampaio Moraes','Juliana Sampaio Barros','1983-05-29','(65) 99968-9743','paulo91@gmail.com','444.379.211-27',54,'Rua R','50','','78050-258'), 
(292,'Luis Moraes Gomes','Amanda Moraes Almeida','1991-06-17','(65) 99208-9467','luis98@gmail.com','614.970.971-00',120,'Rua G-3','70','','78095-318'), 
(293,'Patrícia Moraes Fernandes','Eduarda Moraes Costa','1994-09-06','(65) 99904-1746','patricia27@gmail.com','436.540.541-10',239,'Rua Turmalina','44','','78150-518'), 
(294,'Fernanda Miranda Costa','Amanda Miranda Rocha','1994-09-23','(65) 98363-1402','fernanda23@gmail.com','688.834.721-44',203,'Rua Santa Bárbara','72','','78158-154'), 
(295,'João Monteiro Ribeiro','Ana Monteiro Santos','1987-05-19','(65) 99817-3607','joao12@gmail.com','318.434.301-42',103,'Rua Carão','84','','78058-285'), 
(296,'Juliana Alves Santos','Fernanda Alves Miranda','1980-04-22','(65) 98112-6667','juliana05@gmail.com','252.061.091-34',12,'Rua Américo Salgado','68','','78008-020'), 
(297,'Lucas Costa Novais','Antônia Costa Santos','1987-01-24','(65) 99996-2879','lucas53@gmail.com','388.611.621-26',103,'Avenida Urubu Rei','35','','78058-054'), 
(298,'Francisco Novais Moraes','Adriana Novais Ribeiro','1981-07-03','(65) 98962-5046','francisco74@gmail.com','363.148.141-11',241,'Rua Deputado Oscar Soares','32','','78145-819'), 
(299,'Márcia Oliveira Barros','Letícia Oliveira Lima','1990-02-16','(65) 99555-3229','marcia92@gmail.com','326.680.591-78',5,'Rua Luiza Cuiabano','33','','78048-650'), 
(300,'Antônio Santos Oliveira','Paula Santos Pereira','1985-09-19','(65) 98795-0325','antonio27@gmail.com','148.243.511-03',239,'Rua Gavião Real','11','','78150-278'), 
(301,'Maria Rodrigues Novais','Ana Rodrigues Lima','1985-01-02','(65) 98333-5172','maria35@gmail.com','496.654.521-85',228,'Rua 16 de Agosto','44','','78144-372'), 
(302,'Maria Rocha Sampaio','Gabriela Rocha Pereira','1979-06-19','(65) 99961-7440','maria33@gmail.com','013.303.411-98',71,'Rua T','83','','78099-370'), 
(303,'Antônia Almeida Lima','Maria Almeida Oliveira','1994-09-12','(65) 98955-6210','antonia16@gmail.com','416.598.571-63',240,'Rua Benedito Laurindo de Souza','7','','78152-102'), 
(304,'Patrícia Almeida Lima','Giovana Almeida Mendes','1992-04-07','(65) 98194-1384','patricia26@gmail.com','040.330.351-68',222,'Rua Sete','10','','78148-628'), 
(305,'Francisca Sampaio Souza','Fernanda Sampaio Ribeiro','1992-01-06','(65) 98638-3099','francisca58@gmail.com','095.895.571-98',241,'Rua Veríssimo Domingos de Campos','27','','78145-788'), 
(306,'Gabriel Oliveira Mendes','Amanda Oliveira Martins','1982-03-26','(65) 98062-3582','gabriel00@gmail.com','218.155.151-04',201,'Rua Olindo Gonçalo Galvão','75','','78130-430'), 
(307,'Maria Carvalho Campos','Adriana Carvalho Martins','1975-07-17','(65) 98901-2106','maria41@gmail.com','972.284.701-50',147,'Rua Trinta e Oito','63','','78090-324'), 
(308,'Maria Gomes Fernandes','Eduarda Gomes Moraes','1986-12-19','(65) 99445-3359','maria12@gmail.com','717.124.521-77',221,'Rua Caviúna','49','','78149-310'), 
(309,'Carlos Souza Moraes','Maria Souza Rocha','1976-02-01','(65) 98058-8191','carlos14@gmail.com','721.015.071-45',198,'Rua Elvira Monteiro','20','','78128-338'), 
(310,'Maria Sampaio Almeida','Ana Sampaio Mendes','1976-01-02','(65) 99042-1159','maria62@gmail.com','976.421.051-18',150,'Rua Catorze','93','','78096-036'), 
(311,'Francisco Alves Nascimento','Fernanda Alves Martins','1978-08-23','(65) 98272-5200','francisco58@gmail.com','739.494.781-59',144,'Rua Sete','52','','78076-318'), 
(312,'Maria Campos Novais','Eunice Campos Almeida','1980-09-23','(65) 98397-3855','maria50@gmail.com','929.683.081-81',127,'Rua Quarenta e Dois','47','','78099-210'), 
(313,'Luis Barros Lima','Luana Barros Almeida','1981-04-03','(65) 98157-1515','luis09@gmail.com','364.254.271-91',126,'Rua 5','21','','78098-192'), 
(314,'Gabriel Silva Miranda','Juliana Silva Rodrigues','1975-10-06','(65) 99457-4103','gabriel39@gmail.com','570.104.551-04',203,'Rua Marcelândia (Res Cb Michel)','19','','78158-260'), 
(315,'Paulo Ribeiro Almeida','Patrícia Ribeiro Rodrigues','1993-12-17','(65) 99673-0280','paulo49@gmail.com','413.894.601-26',190,'Rua Maria Isabel','24','','78110-392'), 
(316,'Lucas Santos Silva','Adriana Santos Nascimento','1990-02-22','(65) 98449-5059','lucas22@gmail.com','326.684.641-96',116,'Rua Nove','75','','78093-590'), 
(317,'Fernanda Barros Mendes','Rafaela Barros Monteiro','1978-03-02','(65) 99677-0700','fernanda19@gmail.com','003.409.501-29',25,'Avenida Mato Grosso','77','','78005-030'), 
(318,'Ana Barros Oliveira','Giovana Barros Pereira','1975-11-15','(65) 99520-6843','ana16@gmail.com','322.011.681-72',203,'Rua Cerejeira','99','','78158-322'), 
(319,'Rafael Costa Campos','Maria Costa Miranda','1988-02-17','(65) 99015-0893','rafael67@gmail.com','581.463.851-68',191,'Rua Valdecaes','68','','78125-048'), 
(320,'Paulo Almeida Costa','Aline Almeida Fernandes','1982-09-13','(65) 99529-9926','paulo07@gmail.com','033.829.961-03',241,'Rua Vinte e Sete','22','','78145-834'), 
(321,'Patrícia Fernandes Almeida','Luana Fernandes Nascimento','1987-01-04','(65) 98040-0101','patricia39@gmail.com','850.854.021-38',103,'Rua Dezenove','98','','78058-360'), 
(322,'João Rodrigues Oliveira','Ana Rodrigues Gomes','1977-05-30','(65) 99962-7147','joao44@gmail.com','175.500.841-49',104,'Rua Um','47','','78053-005'), 
(323,'João Ribeiro Martins','Antônia Ribeiro Oliveira','1976-09-26','(65) 99229-3364','joao06@gmail.com','381.151.141-62',30,'Rua B','65','','78030-855'), 
(324,'Rafael Oliveira Sampaio','Amanda Oliveira Souza','1980-03-12','(65) 98787-2239','rafael80@gmail.com','255.739.351-78',216,'Rua Mário Estevão','26','','78138-020'), 
(325,'Luis Barros Campos','Antônia Barros Carvalho','1994-04-05','(65) 98061-9306','luis15@gmail.com','890.927.961-31',226,'Rua das Arapongas','73','','78121-144'), 
(326,'José Rodrigues Carvalho','Gabriela Rodrigues Pereira','1980-12-12','(65) 99633-9677','jose32@gmail.com','213.685.601-48',203,'Rua Finlândia','30','','78158-540'), 
(327,'Gabriel Costa Monteiro','Antônia Costa Monteiro','1992-08-04','(65) 98116-6925','gabriel43@gmail.com','442.261.211-55',188,'Rua Árvore da Fortuna','84','','78135-223'), 
(328,'Francisca Campos Araújo','Giovana Campos Santos','1981-11-23','(65) 98616-5607','francisca79@gmail.com','595.354.671-82',228,'Rua Tapajó','16','','78144-030'), 
(329,'Lucas Rodrigues Gomes','Antônia Rodrigues Souza','1986-06-28','(65) 99397-0874','lucas10@gmail.com','229.182.601-85',203,'Avenida Júlio Domingos de Campos','47','','78158-034'), 
(330,'Francisca Araújo Moraes','Antônia Araújo Alves','1977-11-22','(65) 99186-3336','francisca45@gmail.com','504.975.741-01',98,'Travessa Professor Joaquim Costa Marques','21','','78008-535'), 
(331,'Adriana Pereira Araújo','Eunice Pereira Silva','1979-04-27','(65) 98342-8051','adriana72@gmail.com','491.542.121-03',228,'Rua das Begônias','78','','78144-450'), 
(332,'José Souza Barros','Juliana Souza Monteiro','1993-08-12','(65) 99147-7403','jose34@gmail.com','550.255.481-36',120,'Rua C-2','35','','78095-327'), 
(333,'Francisca Silva Costa','Julia Silva Miranda','1986-11-19','(65) 98884-2814','francisca30@gmail.com','021.551.381-99',203,'Rua Covilhã','81','','78158-552'), 
(334,'Juliana Barros Lima','Paula Barros Novais','1990-02-09','(65) 98224-4016','juliana06@gmail.com','278.427.791-71',119,'Rua Quartzo','99','','78094-634'), 
(335,'José Carvalho Alves','Patrícia Carvalho Novais','1989-07-04','(65) 98233-3638','jose30@gmail.com','291.793.531-69',4,'Rua Quinze','58','','78088-495'), 
(336,'Aline Alves Almeida','Francisca Alves Monteiro','1986-07-03','(65) 98242-0506','aline46@gmail.com','848.172.711-32',15,'Rua Seis','35','','78068-680'), 
(337,'João Barros Ribeiro','Adriana Barros Fernandes','1994-01-11','(65) 98616-1940','joao76@gmail.com','201.577.671-08',70,'Rua São Joaquim','31','','78043-082'), 
(338,'Carlos Novais Moraes','Márcia Novais Monteiro','1984-12-04','(65) 99680-4363','carlos82@gmail.com','604.475.581-96',48,'Rua Vinte e Quatro','24','','78050-505'), 
(339,'Carlos Souza Silva','Letícia Souza Carvalho','1976-07-20','(65) 99771-5837','carlos63@gmail.com','904.204.001-76',105,'Rua 7','2','','78068-008'), 
(340,'Francisca Rocha Miranda','Patrícia Rocha Silva','1989-04-29','(65) 99191-5734','francisca42@gmail.com','406.955.521-80',68,'Rua Oitocentos','14','','78075-710'), 
(341,'Aline Santos Martins','Letícia Santos Rocha','1988-04-09','(65) 99266-9586','aline07@gmail.com','909.656.091-46',229,'Rua Sérgio Buarque de Holanda','22','','78115-485'), 
(342,'Patrícia Carvalho Santos','Luana Carvalho Martins','1991-12-25','(65) 98383-3326','patricia58@gmail.com','504.707.761-61',201,'Rua Pinheiro','25','','78145-135'), 
(343,'José Martins Gomes','Ana Martins Monteiro','1977-04-02','(65) 99955-8443','jose75@gmail.com','470.243.061-06',228,'Rua Manoel João Pinheiro da Silva','7','','78144-590'), 
(344,'Fernanda Carvalho Novais','Letícia Carvalho Santos','1992-01-09','(65) 99218-5279','fernanda67@gmail.com','593.808.831-37',31,'Rua Dezesseis','1','','78090-818'), 
(345,'Paulo Pereira Moraes','Gabriela Pereira Barros','1993-03-28','(65) 98547-3078','paulo14@gmail.com','810.011.731-47',201,'Rua Vasco da Gama','85','','78130-441'), 
(346,'Antônio Santos Miranda','Antônia Santos Monteiro','1980-02-27','(65) 98945-1673','antonio37@gmail.com','908.896.481-58',28,'Rua Doutor Atayde de Lima Bastos','26','','78030-390'), 
(347,'Antônio Martins Costa','Gabriela Martins Miranda','1991-09-28','(65) 98821-0516','antonio78@gmail.com','129.721.851-53',201,'Rua Pinheiro','64','','78145-020'), 
(348,'Adriana Monteiro Campos','Patrícia Monteiro Nascimento','1984-03-19','(65) 98552-7629','adriana93@gmail.com','645.440.201-07',201,'Rua Rio Tocantins','26','','78130-626'), 
(349,'João Gomes Monteiro','Fernanda Gomes Souza','1976-06-09','(65) 98996-0980','joao45@gmail.com','074.411.691-00',147,'Rua 9','54','','78089-616'), 
(350,'Adriana Almeida Ribeiro','Fernanda Almeida Pereira','1983-04-13','(65) 98461-9912','adriana13@gmail.com','238.836.701-89',132,'Rua Sinop','42','','78025-512'), 
(351,'Juliana Souza Rodrigues','Gabriela Souza Carvalho','1994-01-01','(65) 99564-7373','juliana77@gmail.com','406.723.901-75',129,'Travessa Vicente','74','','78058-795'), 
(352,'Patrícia Barros Fernandes','Luana Barros Sampaio','1992-03-31','(65) 99190-7226','patricia03@gmail.com','007.489.421-81',215,'Rua Aroeira','66','','78142-494'), 
(353,'João Barros Sampaio','Giovana Barros Carvalho','1990-01-30','(65) 99756-6179','joao75@gmail.com','791.550.061-91',221,'Travessa Trinta e Seis','62','','78149-488'), 
(354,'Luis Barros Gomes','Patrícia Barros Silva','1990-10-23','(65) 99085-7042','luis71@gmail.com','511.581.471-47',129,'Rua Besouro','85','','78058-831'), 
(355,'Gabriel Rodrigues Fernandes','Amanda Rodrigues Moraes','1980-12-01','(65) 99728-0898','gabriel57@gmail.com','528.672.601-16',67,'Rua Sete','66','','78090-576'), 
(356,'Gabriel Nascimento Martins','Ana Nascimento Lima','1987-02-23','(65) 99555-4378','gabriel78@gmail.com','223.435.261-41',216,'Rua Capitão Cunha Matos','90','','78138-832'), 
(357,'Carlos Monteiro Alves','Juliana Monteiro Nascimento','1980-09-23','(65) 99730-5952','carlos87@gmail.com','660.676.381-93',215,'Rua Aroeira','65','','78142-494'), 
(358,'Paulo Barros Rocha','Luana Barros Campos','1992-10-03','(65) 99099-1172','paulo15@gmail.com','518.284.561-87',132,'Avenida A','4','','78025-564'), 
(359,'Gabriel Moraes Barros','Paula Moraes Carvalho','1976-12-15','(65) 99062-5991','gabriel29@gmail.com','566.659.261-09',86,'Rua Júlio Müller','86','','78035-080'), 
(360,'Rafael Pereira Miranda','Aline Pereira Alves','1985-07-03','(65) 99277-0998','rafael89@gmail.com','515.697.261-67',203,'Rua Vila Lobos','60','','78158-873'), 
(361,'Ana Almeida Barros','Antônia Almeida Pereira','1977-06-02','(65) 99176-3012','ana31@gmail.com','115.881.881-59',149,'Rua Ivonete Pereira dos Reis','52','','78058-851'), 
(362,'Francisca Gomes Rocha','Gabriela Gomes Fernandes','1991-06-08','(65) 99384-1248','francisca98@gmail.com','959.763.971-82',126,'Rua H','58','','78098-136'), 
(363,'Patrícia Campos Mendes','Ana Campos Fernandes','1976-03-09','(65) 99768-6604','patricia26@gmail.com','146.094.801-74',26,'Praça Moreira Cabral','40','','78020-010'), 
(364,'Patrícia Gomes Carvalho','Gabriela Gomes Pereira','1988-09-26','(65) 98583-2902','patricia52@gmail.com','179.259.871-89',239,'Rua Chaves','83','','78150-152'), 
(365,'Juliana Novais Araújo','Ana Novais Campos','1976-07-22','(65) 99429-9013','juliana87@gmail.com','120.012.501-00',116,'Avenida Carlos Addor de Souza','82','','78093-680'), 
(366,'Luis Novais Alves','Eunice Novais Silva','1978-02-24','(65) 99545-4192','luis64@gmail.com','166.336.621-73',136,'Avenida Senador Filinto Müller','55','','78043-500'), 
(367,'Francisca Sampaio Almeida','Eduarda Sampaio Campos','1993-08-27','(65) 98781-5598','francisca09@gmail.com','786.028.651-39',215,'Rua Mato Grosso','3','','78142-368'), 
(368,'Aline Campos Souza','Eunice Campos Rodrigues','1985-10-14','(65) 98756-7999','aline80@gmail.com','316.568.191-04',132,'Rua Três Lagoas','84','','78025-312'), 
(369,'Francisco Souza Sampaio','Antônia Souza Miranda','1993-11-15','(65) 99609-2247','francisco73@gmail.com','044.155.891-70',240,'Rua Nepoziano Jordão','10','','78152-318'), 
(370,'Juliana Martins Lima','Rafaela Martins Silva','1975-08-13','(65) 99545-2047','juliana56@gmail.com','574.538.571-55',108,'Rua Cloves da Cruz','5','','78098-596'), 
(371,'Francisco Rocha Campos','Adriana Rocha Silva','1978-12-23','(65) 98240-4369','francisco54@gmail.com','640.684.231-64',199,'Rua Benedito Vaz Figueiredo','87','','78118-075'), 
(372,'Ana Gomes Monteiro','Fernanda Gomes Moraes','1984-07-05','(65) 98536-5147','ana82@gmail.com','206.586.911-98',6,'Travessa Barão de Casalvasco','47','','78005-770'), 
(373,'João Pereira Silva','Patrícia Pereira Campos','1988-12-08','(65) 99654-4821','joao08@gmail.com','968.986.651-62',228,'Rua Copo de Leite','75','','78144-494'), 
(374,'Lucas Fernandes Novais','Amanda Fernandes Silva','1988-03-27','(65) 99691-3097','lucas02@gmail.com','548.131.241-78',201,'Rua Siqueira Campos','20','','78130-435'), 
(375,'Carlos Souza Alves','Juliana Souza Costa','1989-08-19','(65) 98501-5893','carlos57@gmail.com','550.116.441-89',98,'Rua São Benedito','12','','78008-405'), 
(376,'José Monteiro Costa','Amanda Monteiro Rodrigues','1986-11-11','(65) 98574-9404','jose94@gmail.com','022.928.411-69',180,'Rua Duzentos e Trinta e Dois','27','','78088-270'), 
(377,'João Monteiro Rocha','Aline Monteiro Costa','1994-04-14','(65) 99732-1162','joao56@gmail.com','496.680.271-75',191,'Rua Marechal Floriano Peixoto','9','','78125-016'), 
(378,'Adriana Fernandes Nascimento','Amanda Fernandes Araújo','1978-02-22','(65) 98196-3529','adriana12@gmail.com','557.084.311-64',148,'Rua I','30','','78056-716'), 
(379,'Lucas Souza Santos','Amanda Souza Santos','1980-11-11','(65) 99560-0517','lucas21@gmail.com','308.000.661-54',180,'Rua Trezentos e Seis','25','','78088-358'), 
(380,'Aline Alves Costa','Julia Alves Pereira','1982-07-02','(65) 98421-8316','aline65@gmail.com','228.682.981-09',28,'Avenida São Sebastião','19','','78030-400'), 
(381,'Francisco Silva Santos','Eduarda Silva Mendes','1992-06-24','(65) 98638-3742','francisco07@gmail.com','480.507.581-33',221,'Rua Jacarandá','39','','78149-330'), 
(382,'Luis Novais Souza','Francisca Novais Miranda','1992-10-15','(65) 99219-8013','luis98@gmail.com','781.861.781-71',229,'Rua Ana Líria de Almeida Lima','1','','78116-085'), 
(383,'Juliana Martins Miranda','Luana Martins Sampaio','1976-11-21','(65) 98976-0256','juliana16@gmail.com','369.175.731-67',199,'Rua Cécilia Meireles','41','','78117-202'), 
(384,'João Moraes Mendes','Eunice Moraes Oliveira','1979-06-11','(65) 98520-3144','joao86@gmail.com','312.007.681-32',24,'Rua Airton Senna','82','','78055-858'), 
(385,'Rafael Costa Oliveira','Rafaela Costa Santos','1983-08-07','(65) 99311-5279','rafael75@gmail.com','562.235.781-05',191,'Travessa da Fraternidade','10','','78125-704'), 
(386,'Fernanda Campos Miranda','Adriana Campos Costa','1993-05-19','(65) 98801-4541','fernanda08@gmail.com','185.085.201-40',215,'Rua Fortaleza','78','','78155-420'), 
(387,'Gabriel Silva Alves','Aline Silva Souza','1975-07-24','(65) 98820-6746','gabriel87@gmail.com','655.278.441-49',120,'Rua N-1','91','','78095-355'), 
(388,'Ana Gomes Alves','Gabriela Gomes Lima','1992-08-03','(65) 99252-0224','ana06@gmail.com','248.928.551-38',188,'Rua da Penha','66','','78148-135'), 
(389,'Patrícia Souza Rodrigues','Paula Souza Campos','1984-04-14','(65) 99981-1995','patricia70@gmail.com','735.492.971-90',68,'Rua Mil e Trezentos','99','','78075-760'), 
(390,'Aline Costa Mendes','Rafaela Costa Pereira','1979-05-26','(65) 99917-3428','aline40@gmail.com','111.497.961-97',239,'Rua das Palmeiras','58','','78150-122'), 
(391,'Paulo Campos Costa','Márcia Campos Araújo','1980-02-28','(65) 99211-8216','paulo50@gmail.com','224.110.571-64',226,'Rua Beija-Flor','11','','78121-018'), 
(392,'Gabriel Barros Sampaio','Francisca Barros Rocha','1982-03-05','(65) 99717-5243','gabriel28@gmail.com','742.094.591-86',136,'Travessa Léo Edilberto Griggi','39','','78045-340'), 
(393,'Rafael Oliveira Miranda','Rafaela Oliveira Campos','1990-11-27','(65) 98519-1839','rafael84@gmail.com','179.360.731-16',198,'Rua São Pedro','86','','78128-523'), 
(394,'José Silva Alves','Eduarda Silva Araújo','1994-03-24','(65) 98279-5747','jose83@gmail.com','212.441.051-20',168,'Rua Belém','29','','78060-155'), 
(395,'Carlos Novais Costa','Ana Novais Alves','1991-12-02','(65) 98336-8958','carlos35@gmail.com','848.021.131-88',193,'Rua Antônio dos Anjos','44','','78120-280'), 
(396,'Márcia Santos Martins','Antônia Santos Gomes','1989-07-28','(65) 99272-5397','marcia23@gmail.com','625.454.371-07',5,'Rua Istambul','24','','78048-262'), 
(397,'Carlos Barros Souza','Paula Barros Martins','1976-04-15','(65) 99287-0854','carlos81@gmail.com','812.529.381-79',180,'Rua Duzentos e Vinte e Dois','63','','78088-245'), 
(398,'Antônia Martins Santos','Rafaela Martins Barros','1988-02-11','(65) 98364-7669','antonia95@gmail.com','863.272.431-26',226,'Rua das Rosas','61','','78120-408'), 
(399,'Antônio Santos Miranda','Ana Santos Almeida','1980-05-08','(65) 99743-8237','antonio29@gmail.com','094.989.891-09',110,'Rua Várzea Bonita','77','','78058-653'), 
(400,'Antônio Barros Martins','Eduarda Barros Rodrigues','1983-08-11','(65) 99050-0511','antonio59@gmail.com','819.191.681-92',23,'Rua Seis','17','','78053-791'), 
(401,'Francisca Lima Oliveira','Aline Lima Costa','1982-04-06','(65) 99769-0525','francisca09@gmail.com','081.223.741-23',114,'Rua Tabatinga','36','','78028-350'), 
(402,'Lucas Rodrigues Moraes','Giovana Rodrigues Silva','1980-10-30','(65) 99203-6362','lucas06@gmail.com','661.140.061-35',221,'Rua São Bartolomeu','58','','78149-152'), 
(403,'Francisca Almeida Fernandes','Fernanda Almeida Oliveira','1979-05-13','(65) 98459-1722','francisca80@gmail.com','101.227.881-68',231,'Rua Cuiabá','55','','78132-064'), 
(404,'Fernanda Mendes Campos','Márcia Mendes Novais','1975-03-27','(65) 99761-9577','fernanda37@gmail.com','691.266.221-81',47,'Travessa Professor Silva Pontes','46','','78015-065'), 
(405,'Adriana Rocha Pereira','Márcia Rocha Souza','1993-08-07','(65) 99953-7865','adriana97@gmail.com','005.955.351-00',215,'Rua Dourados','70','','78142-868'), 
(406,'Antônio Carvalho Lima','Letícia Carvalho Novais','1989-05-30','(65) 99424-5833','antonio47@gmail.com','981.759.881-00',231,'Rua Colômbia','54','','78132-119'), 
(407,'Rafael Rocha Santos','Márcia Rocha Mendes','1981-04-22','(65) 98739-9229','rafael97@gmail.com','649.475.671-98',136,'Praça Antônio João Ribeiro','53','','78045-210'), 
(408,'Francisco Carvalho Novais','Gabriela Carvalho Santos','1992-09-12','(65) 99041-4646','francisco10@gmail.com','271.744.441-64',49,'Rua Chapada dos Guimarães','29','','78052-110'), 
(409,'Francisca Pereira Almeida','Eduarda Pereira Nascimento','1975-03-06','(65) 98035-2237','francisca79@gmail.com','292.923.271-43',186,'Rua Nacional','1','','78110-695'), 
(410,'João Sampaio Gomes','Luana Sampaio Costa','1991-02-10','(65) 98379-2981','joao76@gmail.com','975.367.641-70',188,'Rua Piauí','92','','78135-294'), 
(411,'Francisco Ribeiro Gomes','Ana Ribeiro Pereira','1981-09-10','(65) 99722-5353','francisco16@gmail.com','040.627.941-10',231,'Rua Crisântemo','57','','78132-862'), 
(412,'Antônio Martins Pereira','Antônia Martins Rodrigues','1990-08-06','(65) 98553-5660','antonio91@gmail.com','678.865.551-04',49,'Avenida Governador Dante Martins de Oliveira','82','','78052-002'), 
(413,'Fernanda Santos Miranda','Gabriela Santos Campos','1992-05-01','(65) 98553-9946','fernanda59@gmail.com','972.145.201-76',200,'Rua da Glória','89','','78141-392'), 
(414,'Gabriel Almeida Silva','Amanda Almeida Souza','1993-11-09','(65) 98580-5487','gabriel41@gmail.com','535.249.751-86',78,'Travessa Três','68','','78051-106'), 
(415,'Gabriel Santos Miranda','Eunice Santos Rodrigues','1989-12-29','(65) 99899-6916','gabriel37@gmail.com','735.432.531-74',239,'Rua Altamira','36','','78150-678'), 
(416,'Gabriel Fernandes Moraes','Eduarda Fernandes Rodrigues','1987-01-17','(65) 99225-6369','gabriel81@gmail.com','369.645.531-85',191,'Beco do Buchudo','96','','78110-071'), 
(417,'Lucas Lima Martins','Adriana Lima Costa','1982-05-25','(65) 98513-0191','lucas97@gmail.com','704.312.631-24',103,'Rua Porto dos Gaúchos','31','','78055-398'), 
(418,'Rafael Santos Souza','Juliana Santos Oliveira','1979-05-04','(65) 98316-9972','rafael96@gmail.com','574.236.241-28',116,'Avenida B','67','','78093-696'), 
(419,'Ana Mendes Monteiro','Aline Mendes Gomes','1978-03-03','(65) 98062-7648','ana24@gmail.com','131.631.721-80',26,'Avenida Quinze de Novembro','93','','78020-300'), 
(420,'Ana Carvalho Rodrigues','Paula Carvalho Martins','1984-05-20','(65) 98320-7136','ana47@gmail.com','793.498.781-19',183,'Avenida Professor Ranulfo Paes de Barros','56','','78030-265'), 
(421,'José Carvalho Ribeiro','Márcia Carvalho Novais','1994-07-13','(65) 99391-7868','jose02@gmail.com','834.207.351-38',9,'Avenida General Vale','18','','78010-000'), 
(422,'Francisca Costa Sampaio','Patrícia Costa Oliveira','1988-05-07','(65) 98069-7269','francisca93@gmail.com','031.168.891-80',4,'Rua Um','79','','78088-465'), 
(423,'Fernanda Ribeiro Carvalho','Maria Ribeiro Alves','1981-01-23','(65) 99551-4508','fernanda07@gmail.com','052.828.951-96',39,'Rua Aurora','64','','78028-288'), 
(424,'Antônia Martins Novais','Juliana Martins Barros','1993-03-27','(65) 99671-6997','antonia42@gmail.com','563.727.451-78',135,'Rua Dezessete','29','','78056-784'), 
(425,'Lucas Sampaio Oliveira','Juliana Sampaio Campos','1983-05-07','(65) 99098-2037','lucas04@gmail.com','033.400.131-52',6,'Travessa Barão de Casalvasco','78','','78005-770'), 
(426,'José Rodrigues Gomes','Márcia Rodrigues Monteiro','1976-03-23','(65) 98643-6564','jose84@gmail.com','904.148.641-07',176,'Avenida das Dálias','35','','78056-213'), 
(427,'João Alves Santos','Julia Alves Araújo','1985-03-28','(65) 99243-0570','joao91@gmail.com','858.920.091-49',191,'Rua Marechal Pinto Lopes','30','','78125-290'), 
(428,'Carlos Oliveira Carvalho','Rafaela Oliveira Araújo','1975-12-22','(65) 99912-4496','carlos53@gmail.com','217.863.021-95',24,'Rua Quatro','7','','s/n'), 
(429,'Patrícia Almeida Fernandes','Antônia Almeida Mendes','1993-06-10','(65) 98460-4560','patricia35@gmail.com','500.981.901-56',168,'Rua Marisco','73','','78060-390'), 
(430,'Paulo Rodrigues Campos','Amanda Rodrigues Lima','1983-06-06','(65) 99782-4552','paulo53@gmail.com','472.691.211-92',112,'Rua J','27','','78055-726'), 
(431,'Antônio Alves Fernandes','Antônia Alves Carvalho','1989-01-28','(65) 98423-4482','antonio92@gmail.com','692.495.041-87',123,'Rua Dez','18','','78056-847'), 
(432,'Aline Pereira Rocha','Paula Pereira Silva','1982-02-17','(65) 99557-7163','aline73@gmail.com','713.976.311-98',87,'Avenida Miguel Sutil','74','','78043-695'), 
(433,'Carlos Fernandes Gomes','Patrícia Fernandes Rocha','1980-03-25','(65) 99374-2623','carlos45@gmail.com','009.494.741-42',126,'Rua I','2','','78098-137'), 
(434,'Maria Barros Miranda','Eduarda Barros Souza','1980-08-30','(65) 99138-6873','maria59@gmail.com','880.334.751-88',171,'Rua Seis','79','','78093-340'), 
(435,'Luis Rodrigues Costa','Fernanda Rodrigues Miranda','1993-08-08','(65) 98714-7978','luis35@gmail.com','169.233.061-67',86,'Rua Romanos','16','','78035-185'), 
(436,'Aline Lima Barros','Amanda Lima Campos','1979-11-30','(65) 98354-5023','aline05@gmail.com','414.994.491-19',39,'Rua Radialista Maurício de Oliveira','9','','78028-240'), 
(437,'José Oliveira Carvalho','Ana Oliveira Miranda','1982-08-31','(65) 99422-1815','jose20@gmail.com','139.235.701-20',109,'Rua Bela Vista','55','','78040-728'), 
(438,'Carlos Miranda Oliveira','Aline Miranda Lima','1977-01-11','(65) 99773-7021','carlos05@gmail.com','985.391.611-84',211,'Rua Cinco','3','','78142-010'), 
(439,'Ana Nascimento Silva','Fernanda Nascimento Barros','1975-10-10','(65) 99673-5278','ana29@gmail.com','389.812.611-05',201,'Rua Mangueira','66','','78145-150'), 
(440,'Luis Miranda Pereira','Rafaela Miranda Carvalho','1983-02-05','(65) 98465-6351','luis74@gmail.com','798.539.911-95',136,'Rua Mestre Albertino','18','','78045-317'), 
(441,'Rafael Lima Oliveira','Amanda Lima Pereira','1989-01-30','(65) 99061-1865','rafael10@gmail.com','957.260.191-13',90,'Rua da Colina','66','','78070-452'), 
(442,'Fernanda Ribeiro Moraes','Antônia Ribeiro Monteiro','1994-10-02','(65) 98942-2306','fernanda32@gmail.com','786.966.621-13',58,'Avenida das Flores','76','','78043-172'), 
(443,'Gabriel Rocha Alves','Julia Rocha Fernandes','1989-12-05','(65) 99451-0360','gabriel50@gmail.com','610.164.201-10',23,'Rua Alto Araguaia','19','','78053-814'), 
(444,'Ana Almeida Silva','Eunice Almeida Souza','1990-10-01','(65) 99932-3815','ana46@gmail.com','787.619.961-57',119,'Rua Ouro','28','','78094-628'), 
(445,'Patrícia Rodrigues Miranda','Ana Rodrigues Gomes','1990-03-25','(65) 99182-1001','patricia86@gmail.com','686.559.731-14',226,'Avenida Trinta e Um de Março','67','','78120-775'), 
(446,'João Sampaio Araújo','Luana Sampaio Pereira','1983-02-05','(65) 98131-3628','joao23@gmail.com','227.225.511-60',203,'Rua Olavo Bilac (Lot N Sacre)','27','','78159-110'), 
(447,'Luis Fernando Sampaio','Patrícia Barros Ribeiro','1985-05-13','(65) 99528-1056','lufesampaio@gmail.com','153.086.741-08',200,'Rua Corumbá','47','','78141-372'), 
(448,'Adriano Neres','Letícia Miranda Sampaio','1983-04-10','(65) 99591-8390','ah.driano@gmail.com','690.588.801-09',59,'Rua Mar Del Plata','48','','78060-585'), 
(449,'Gabriel Honda','Gabriela Rocha Miranda','1993-10-17','(65) 98213-1007','gabrielhondacba@gmail.com','402.901.611-18',189,'Rua Rio Roosevelt','48','','78134-132'), 
(450,'Joao Paulo','Patrícia Rocha Santos','1990-10-08','(65) 98740-2201','jppreti@gmail.com','395.410.471-73',171,'Rua das Gérberas','85','','78092-027'), 
(451,'Gabriel Gomes Santos','Luana Gomes Campos','1986-09-18','(65) 98703-4484','gabriel71@gmail.com','391.679.871-50',41,'Rua Dois','49','','78085-660'), 
(452,'Antônia Barros Mendes','Ana Barros Santos','1981-07-29','(65) 99655-1664','antonia18@gmail.com','354.441.821-57',126,'Rua E','37','','78098-186'), 
(453,'Márcia Campos Rodrigues','Julia Campos Oliveira','1983-11-23','(65) 98476-6499','marcia53@gmail.com','857.661.371-92',229,'Travessa Manoel Mendes','46','','78115-048'), 
(454,'Gabriel Almeida Silva','Gabriela Almeida Mendes','1977-09-07','(65) 98118-3186','gabriel04@gmail.com','261.261.331-53',199,'Rua Coronel Julião de Brito','46','','78118-791'), 
(455,'Fernanda Nascimento Barros','Julia Nascimento Rodrigues','1994-01-28','(65) 98045-6015','fernanda90@gmail.com','809.784.121-50',201,'Rua Pinheiro','42','','78145-020'), 
(456,'Patrícia Novais Souza','Giovana Novais Santos','1976-12-15','(65) 99509-9751','patricia32@gmail.com','154.978.221-50',4,'Rua Quatro','55','','78088-490'), 
(457,'Paulo Monteiro Carvalho','Eunice Monteiro Lima','1991-09-12','(65) 98964-1028','paulo53@gmail.com','588.376.241-74',239,'Rua Uberaba','16','','78150-786'), 
(458,'Antônio Carvalho Oliveira','Patrícia Carvalho Ribeiro','1981-10-06','(65) 99495-3810','antonio67@gmail.com','037.095.311-87',125,'Rua Padre Feijó','20','','78075-090'), 
(459,'Ana Rodrigues Monteiro','Francisca Rodrigues Nascimento','1988-03-08','(65) 98579-9702','ana14@gmail.com','145.721.431-88',216,'Rua Jasmim','85','','78138-186'), 
(460,'Francisco Silva Ribeiro','Fernanda Silva Almeida','1988-05-04','(65) 99422-7845','francisco16@gmail.com','513.640.501-53',11,'Rua Professora Sebastiana Paes de Barros','1','','78035-360'), 
(461,'Gabriel Pereira Carvalho','Fernanda Pereira Nascimento','1978-04-16','(65) 99174-9795','gabriel07@gmail.com','024.980.391-71',32,'Rua dos Periquitos','28','','78075-856'), 
(462,'Aline Barros Campos','Adriana Barros Lima','1984-11-25','(65) 99554-0920','aline72@gmail.com','681.536.411-90',185,'Rua Rubens Pinto','47','','78085-730'), 
(463,'Gabriel Rodrigues Barros','Eunice Rodrigues Campos','1983-12-19','(65) 99470-4708','gabriel66@gmail.com','210.016.021-45',239,'Rua Oceano Atlântico','8','','78150-302'), 
(464,'Aline Souza Gomes','Ana Souza Pereira','1980-07-13','(65) 99947-6972','aline31@gmail.com','973.046.741-21',199,'Rua Dona Dulce','58','','78118-858'), 
(465,'Maria Barros Carvalho','Giovana Barros Carvalho','1980-04-17','(65) 98575-7940','maria05@gmail.com','880.276.901-02',103,'Rua Paranaita','91','','78055-594'), 
(466,'Adriana Barros Mendes','Giovana Barros Araújo','1989-04-28','(65) 98164-7253','adriana93@gmail.com','947.622.251-42',216,'Rua Castanhola','89','','78138-211'), 
(467,'Ana Monteiro Alves','Gabriela Monteiro Silva','1992-09-18','(65) 99937-4178','ana88@gmail.com','305.476.581-41',110,'Avenida São Paulo','58','','78058-689'), 
(468,'Maria Santos Sampaio','Amanda Santos Campos','1987-06-16','(65) 99829-0941','maria40@gmail.com','213.283.381-85',64,'Rua Oito','95','','78055-814'), 
(469,'Antônio Barros Gomes','Paula Barros Novais','1985-10-31','(65) 99220-7429','antonio77@gmail.com','470.063.321-25',216,'Rua Dom Aquino','22','','78138-156'), 
(470,'Antônia Gomes Costa','Paula Gomes Martins','1993-07-03','(65) 98162-4676','antonia01@gmail.com','185.516.501-57',103,'Rua Patovi','71','','78058-210'), 
(471,'Aline Rocha Oliveira','Gabriela Rocha Santos','1975-07-21','(65) 98386-3345','aline98@gmail.com','541.758.511-43',28,'Travessa I','47','','78030-447'), 
(472,'Adriana Almeida Barros','Ana Almeida Souza','1982-02-27','(65) 99550-4186','adriana97@gmail.com','693.453.161-24',241,'Rua Luís Felfilli','62','','78145-795'), 
(473,'Adriana Lima Miranda','Rafaela Lima Costa','1978-01-31','(65) 98036-5490','adriana19@gmail.com','689.049.041-02',48,'Rua Catorze','75','','78050-470'), 
(474,'Rafael Gomes Miranda','Eduarda Gomes Fernandes','1975-12-04','(65) 99694-0987','rafael73@gmail.com','548.906.931-73',120,'Avenida Professor Altamiro Ari Rutz','87','','78095-329'), 
(475,'Juliana Moraes Carvalho','Fernanda Moraes Gomes','1991-05-12','(65) 98641-6607','juliana72@gmail.com','974.647.561-42',201,'Rua E','66','','78130-726'), 
(476,'Aline Pereira Carvalho','Paula Pereira Miranda','1983-04-03','(65) 99061-4397','aline90@gmail.com','279.588.971-46',226,'Avenida X','97','','78120-435'), 
(477,'Francisco Nascimento Mendes','Julia Nascimento Pereira','1988-06-22','(65) 99812-8827','francisco15@gmail.com','540.987.521-40',114,'Avenida Beira Rio','49','','78028-420'), 
(478,'Lucas Carvalho Sampaio','Giovana Carvalho Santos','1993-02-20','(65) 98980-1964','lucas11@gmail.com','478.214.551-99',126,'Rua 2','61','','78098-190'), 
(479,'Luis Novais Barros','Rafaela Novais Silva','1990-06-12','(65) 98516-5700','luis33@gmail.com','147.285.041-66',132,'Avenida Tenente-Coronel Duarte','28','','78025-085'), 
(480,'Maria Silva Monteiro','Patrícia Silva Barros','1984-12-04','(65) 98832-7391','maria54@gmail.com','491.813.801-27',103,'Rua Cento e Quarenta e Um','33','','78058-236'), 
(481,'Luis Alves Miranda','Juliana Alves Costa','1980-11-30','(65) 98151-1278','luis14@gmail.com','448.044.031-32',199,'Rua das Goiabeiras','36','','78118-138'), 
(482,'Antônia Miranda Barros','Eunice Miranda Sampaio','1988-12-05','(65) 99267-4691','antonia79@gmail.com','357.995.501-29',196,'Rua Lucindo Mendes de Morais','33','','78145-403'), 
(483,'Francisco Mendes Araújo','Francisca Mendes Carvalho','1979-08-02','(65) 98368-6711','francisco10@gmail.com','128.043.291-86',104,'Rua Vinte e Um','60','','78053-750'), 
(484,'Juliana Barros Rocha','Gabriela Barros Rocha','1981-11-21','(65) 98052-2771','juliana94@gmail.com','839.488.731-78',48,'Rua Dois','57','','78050-420'), 
(485,'José Novais Araújo','Julia Novais Mendes','1988-03-26','(65) 99302-3529','jose90@gmail.com','228.304.431-60',183,'Avenida Oito de Abril','21','','78030-367'), 
(486,'Maria Santos Moraes','Letícia Santos Costa','1982-08-07','(65) 98680-5800','maria89@gmail.com','048.324.971-89',136,'Rua Corsino do Amarante','52','','78045-330'), 
(487,'Francisco Campos Carvalho','Ana Campos Rocha','1979-09-22','(65) 99937-9116','francisco98@gmail.com','586.021.561-46',114,'Rua Tietê','78','','78028-370'), 
(488,'Aline Pereira Araújo','Francisca Pereira Mendes','1985-11-11','(65) 99730-2766','aline92@gmail.com','289.992.641-14',201,'Rua Itabuna','6','','78145-100'), 
(489,'João Monteiro Barros','Gabriela Monteiro Martins','1975-09-03','(65) 99584-1286','joao05@gmail.com','485.783.551-72',203,'Rua Chapada dos Guimarães','27','','78158-770'), 
(490,'Francisco Sampaio Campos','Juliana Sampaio Monteiro','1982-05-30','(65) 98434-0551','francisco12@gmail.com','487.523.311-64',109,'Rua Paulo Autran','34','','78042-550'), 
(491,'Lucas Rodrigues Carvalho','Eduarda Rodrigues Barros','1976-07-03','(65) 98751-3350','lucas75@gmail.com','109.716.751-80',229,'Rua Benedita Bernardina Curvo','27','','78115-115'), 
(492,'Luis Pereira Miranda','Juliana Pereira Moraes','1989-11-21','(65) 99281-2472','luis45@gmail.com','402.356.311-08',229,'Rua Luís da Câmara Cascudo','79','','78115-470'), 
(493,'João Carvalho Barros','Rafaela Carvalho Silva','1989-05-19','(65) 99297-9005','joao06@gmail.com','645.503.151-21',201,'Rua Batista das Neves (Lot Sta Fé)','97','','78130-700'), 
(494,'Luis Rocha Carvalho','Letícia Rocha Oliveira','1975-01-04','(65) 99106-3717','luis25@gmail.com','390.940.181-36',209,'Rua Quarenta e Um','88','','78133-326'), 
(495,'Márcia Miranda Rocha','Amanda Miranda Almeida','1991-07-16','(65) 98826-4390','marcia27@gmail.com','861.894.651-61',171,'Rua Quarenta e Um','19','','78093-797'), 
(496,'Gabriel Gomes Barros','Ana Gomes Lima','1975-11-18','(65) 99816-4854','gabriel55@gmail.com','725.573.741-21',36,'Alameda Timbó','88','','78049-542'), 
(497,'Juliana Silva Nascimento','Eunice Silva Nascimento','1978-09-02','(65) 99708-8101','juliana36@gmail.com','410.121.721-12',116,'Rua Dez','27','','78093-600'), 
(498,'Maria Rocha Moraes','Adriana Rocha Almeida','1988-01-20','(65) 99979-0920','maria33@gmail.com','634.207.001-64',143,'Rua A','87','','78057-020'), 
(499,'Ana Gomes Ribeiro','Julia Gomes Carvalho','1993-07-22','(65) 99470-7741','ana82@gmail.com','148.624.181-63',156,'Rua da Paz','22','','78051-272'), 
(500,'Adriana Almeida Costa','Maria Almeida Alves','1993-03-20','(65) 98125-5755','adriana73@gmail.com','521.637.331-49',19,'Rua D','5','','78050-865'), 
(501,'Patrícia Silva Costa','Ana Silva Mendes','1984-05-19','(65) 98102-5499','patricia55@gmail.com','567.461.241-26',16,'Avenida Historiador Rubens De Mendonça 4888','22','','78050-910'), 
(502,'José Campos Fernandes','Ana Campos Rocha','1993-03-20','(65) 98562-0854','jose79@gmail.com','533.460.581-90',103,'Rua Gravateiro','6','','78058-206'), 
(503,'Rafael Rodrigues Moraes','Eunice Rodrigues Novais','1981-08-19','(65) 98206-9400','rafael04@gmail.com','516.172.891-40',215,'Rua Nortelândia','74','','78143-418'), 
(504,'Márcia Almeida Silva','Eunice Almeida Pereira','1986-08-02','(65) 99653-1836','marcia19@gmail.com','358.197.611-03',151,'Rua G','85','','78087-112'), 
(505,'Lucas Rocha Monteiro','Julia Rocha Campos','1990-01-08','(65) 99574-9725','lucas73@gmail.com','103.796.521-37',104,'Vila Três','11','','78053-054'), 
(506,'Paulo Carvalho Souza','Francisca Carvalho Souza','1990-01-13','(65) 98122-9729','paulo23@gmail.com','621.173.331-33',11,'Rua U','73','','78035-350'), 
(507,'Adriana Santos Rocha','Eunice Santos Souza','1985-06-13','(65) 98912-9614','adriana43@gmail.com','211.246.401-93',202,'Rua Projetada 93','1','','78155-095'), 
(508,'Paulo Araújo Campos','Letícia Araújo Santos','1984-12-21','(65) 98924-8917','paulo63@gmail.com','350.872.891-93',120,'Rua T-5','46','','78095-467'), 
(509,'Gabriel Ribeiro Silva','Ana Ribeiro Costa','1978-12-04','(65) 98404-9453','gabriel12@gmail.com','063.391.411-88',6,'Travessa Barão de Casalvasco','90','','78005-770'), 
(510,'Patrícia Moraes Santos','Giovana Moraes Fernandes','1981-11-07','(65) 98399-4107','patricia62@gmail.com','335.848.731-85',221,'Travessa Alecrim','57','','78149-544'), 
(511,'Maria Miranda Costa','Francisca Miranda Sampaio','1986-11-12','(65) 98955-8985','maria42@gmail.com','412.479.081-35',177,'Travessa Parecis','78','','78051-646'), 
(512,'Antônia Lima Santos','Fernanda Lima Barros','1979-01-27','(65) 99542-3772','antonia30@gmail.com','282.609.061-55',5,'Rua Campos do Jordão','39','','78048-476'), 
(513,'Francisco Gomes Silva','Antônia Gomes Nascimento','1982-02-22','(65) 98725-7880','francisco22@gmail.com','881.326.391-03',147,'Rua 18','66','','78089-754'), 
(514,'Antônio Miranda Monteiro','Ana Miranda Barros','1983-08-14','(65) 98207-3960','antonio23@gmail.com','401.336.111-67',59,'Travessa Georgetown','80','','78060-655'), 
(515,'Carlos Miranda Sampaio','Eunice Miranda Costa','1988-11-27','(65) 99735-9912','carlos14@gmail.com','126.659.651-86',97,'Travessa L-2','8','','78091-226'), 
(516,'José Novais Souza','Luana Novais Almeida','1985-09-20','(65) 98668-2709','jose93@gmail.com','874.942.951-51',130,'Rua Doutor Carlos Borralho','45','','78015-630'), 
(517,'Adriana Barros Souza','Paula Barros Oliveira','1987-07-06','(65) 98797-8658','adriana35@gmail.com','064.418.201-61',201,'Rua Benedito Roque Da Costa','45','','78130-760'), 
(518,'Antônia Gomes Costa','Fernanda Gomes Barros','1982-07-27','(65) 99837-1007','antonia94@gmail.com','970.370.351-81',167,'Rua Inglaterra','85','','78040-210'), 
(519,'Juliana Novais Gomes','Eunice Novais Araújo','1993-11-23','(65) 99519-8694','juliana73@gmail.com','981.531.641-98',166,'Travessa do Vereador','78','','78091-100'), 
(520,'Márcia Rodrigues Pereira','Fernanda Rodrigues Barros','1987-05-11','(65) 98624-7071','marcia78@gmail.com','220.070.111-07',180,'Avenida Secundária IV','53','','78088-200'), 
(521,'Francisco Pereira Silva','Ana Pereira Martins','1987-06-15','(65) 98925-5275','francisco05@gmail.com','262.108.111-83',36,'Alameda Buriti','75','','78049-524'), 
(522,'Rafael Ribeiro Carvalho','Rafaela Ribeiro Martins','1986-02-13','(65) 98729-7919','rafael37@gmail.com','617.016.641-00',189,'Rua Flamboyant','23','','78134-024'), 
(523,'Carlos Alves Campos','Amanda Alves Miranda','1979-11-08','(65) 98124-9419','carlos25@gmail.com','886.823.871-31',127,'Rua Sessenta e Nove','2','','78099-350'), 
(524,'Francisca Gomes Silva','Márcia Gomes Sampaio','1976-08-16','(65) 99656-7851','francisca78@gmail.com','249.388.571-62',132,'Avenida Doutor José Feliciano Figueiredo','47','','78025-363'), 
(525,'Fernanda Carvalho Rocha','Maria Carvalho Barros','1978-06-29','(65) 98988-6880','fernanda60@gmail.com','805.305.561-38',231,'Rua das Alfazemas','56','','78132-669'), 
(526,'Antônia Moraes Rocha','Rafaela Moraes Rocha','1986-02-17','(65) 98412-1740','antonia35@gmail.com','919.721.611-99',51,'Avenida José Monteiro de Figueiredo','4','','78043-300'), 
(527,'Gabriel Barros Araújo','Maria Barros Sampaio','1983-07-17','(65) 98416-4863','gabriel82@gmail.com','160.021.191-75',11,'Rua Arara Azul','7','','78035-560'), 
(528,'Carlos Campos Nascimento','Márcia Campos Miranda','1993-03-27','(65) 99275-7412','carlos86@gmail.com','368.539.351-01',198,'Rua Livino Albano','14','','78128-248'), 
(529,'Maria Almeida Silva','Eunice Almeida Nascimento','1983-03-25','(65) 99749-0777','maria03@gmail.com','650.268.351-71',216,'Rua Girassol','41','','78138-182'), 
(530,'Francisco Ribeiro Carvalho','Juliana Ribeiro Rodrigues','1989-11-07','(65) 99832-3137','francisco73@gmail.com','594.681.511-31',45,'Travessa Afonso Penna','39','','78048-006'), 
(531,'Luis Almeida Santos','Ana Almeida Moraes','1985-12-24','(65) 98612-2670','luis36@gmail.com','632.962.191-88',46,'Rua W/Z','91','','78098-525'), 
(532,'Lucas Fernandes Costa','Adriana Fernandes Monteiro','1991-01-06','(65) 98557-4250','lucas98@gmail.com','880.475.911-93',181,'Rua Vinte e Dois','53','','78058-565'), 
(533,'Márcia Barros Rocha','Letícia Barros Miranda','1991-02-05','(65) 99083-4643','marcia07@gmail.com','211.005.531-69',139,'Rua N','89','','78096-407'), 
(534,'Aline Araújo Novais','Giovana Araújo Costa','1975-09-14','(65) 99847-5713','aline23@gmail.com','033.467.291-09',163,'Beco I','83','','78048-184'), 
(535,'Antônia Barros Sampaio','Eunice Barros Moraes','1994-09-08','(65) 99209-4458','antonia58@gmail.com','362.564.411-84',82,'Rua Generoso Ciríaco Maciel','64','','78070-050'), 
(536,'Gabriel Pereira Nascimento','Rafaela Pereira Gomes','1986-07-11','(65) 98575-6167','gabriel04@gmail.com','677.781.031-50',60,'Rua das Araucárias','75','','78080-210'), 
(537,'Maria Campos Almeida','Eunice Campos Alves','1985-02-18','(65) 99936-4885','maria95@gmail.com','808.029.851-30',228,'Rua Estado do Amazonas','39','','78144-558'), 
(538,'Adriana Novais Miranda','Juliana Novais Oliveira','1983-04-29','(65) 99421-3017','adriana97@gmail.com','166.297.421-33',142,'Rua das Laranjeiras','3','','78091-410'), 
(539,'Francisco Costa Monteiro','Patrícia Costa Barros','1980-09-17','(65) 98617-8892','francisco47@gmail.com','110.865.961-61',103,'Rua Juara','56','','78055-528'), 
(540,'Luis Martins Rodrigues','Giovana Martins Monteiro','1993-12-29','(65) 99394-5356','luis26@gmail.com','095.772.691-09',169,'Rua das Violetas','48','','78088-770'), 
(541,'João Gomes Costa','Giovana Gomes Almeida','1979-12-31','(65) 98344-8551','joao95@gmail.com','586.731.831-11',228,'Rua Estado do Amazonas','10','','78144-616'), 
(542,'Ana Nascimento Lima','Paula Nascimento Sampaio','1980-08-03','(65) 99434-6558','ana59@gmail.com','577.091.451-32',229,'Rua Benedito Escalante','18','','s/n'), 
(543,'Aline Gomes Fernandes','Adriana Gomes Sampaio','1980-01-02','(65) 98161-9989','aline74@gmail.com','295.546.091-59',229,'Rua Girassol','55','','78115-100'), 
(544,'Luis Araújo Nascimento','Giovana Araújo Gomes','1982-02-07','(65) 99500-1459','luis14@gmail.com','772.065.451-06',201,'Rua Mangueira','78','','78145-140'), 
(545,'Lucas Rocha Barros','Letícia Rocha Fernandes','1982-10-06','(65) 99709-3971','lucas53@gmail.com','439.268.131-99',71,'Rua Oito','7','','78098-634'), 
(546,'Aline Mendes Araújo','Patrícia Mendes Miranda','1991-07-18','(65) 98508-0552','aline21@gmail.com','157.480.591-69',226,'Rua dos Beija-Flores','38','','78121-150'), 
(547,'Aline Nascimento Novais','Gabriela Nascimento Almeida','1991-08-30','(65) 99150-3061','aline75@gmail.com','276.116.451-29',182,'Avenida Fernando Correa da Costa','72','','2367'), 
(548,'Maria Santos Carvalho','Gabriela Santos Souza','1994-08-18','(65) 98490-4640','maria50@gmail.com','275.663.371-22',188,'Rua Trinta e Seis','69','','78148-710'), 
(549,'Márcia Monteiro Miranda','Luana Monteiro Costa','1990-04-06','(65) 99795-7646','marcia18@gmail.com','420.089.821-73',47,'Travessa Armando Candia','1','','78015-240'), 
(550,'Rafael Novais Araújo','Aline Novais Barros','1983-12-15','(65) 99017-6457','rafael04@gmail.com','644.834.611-25',15,'Rua Joaquim Martins de Siqueira','4','','78068-484'), 
(551,'Ana Santos Souza','Amanda Santos Miranda','1988-07-14','(65) 98287-5111','ana57@gmail.com','423.770.961-23',239,'Rua das Hortências','97','','78150-288'), 
(552,'Patrícia Miranda Nascimento','Gabriela Miranda Oliveira','1975-03-25','(65) 98152-3820','patricia52@gmail.com','536.795.571-16',200,'Rua Vereador Feliciano Galdino','9','','78140-010'), 
(553,'Francisca Rocha Moraes','Ana Rocha Lima','1991-05-30','(65) 98102-3934','francisca03@gmail.com','310.710.601-12',225,'Rua G','56','','78145-200'), 
(554,'João Campos Rocha','Fernanda Campos Barros','1987-10-30','(65) 98002-4790','joao80@gmail.com','103.025.151-78',188,'Rua Tapajós','46','','78135-020'), 
(555,'João Rocha Oliveira','Paula Rocha Martins','1979-01-12','(65) 98060-6544','joao01@gmail.com','427.862.001-21',215,'Rua Luiz Carneiro','33','','78142-604'), 
(556,'Maria Barros Ribeiro','Márcia Barros Silva','1976-05-29','(65) 98771-1006','maria36@gmail.com','218.108.381-93',189,'Rua das Indústrias','3','','78134-308'), 
(557,'Adriana Lima Novais','Amanda Lima Costa','1993-09-28','(65) 98815-0052','adriana12@gmail.com','449.330.661-08',198,'Rua Manezinho Araújo','59','','78128-394'), 
(558,'Juliana Costa Rocha','Adriana Costa Lima','1985-04-18','(65) 98804-8707','juliana04@gmail.com','620.475.241-30',120,'Rua I-3','80','','78095-320'), 
(559,'Francisca Souza Oliveira','Julia Souza Araújo','1979-08-06','(65) 98998-5539','francisca70@gmail.com','286.387.331-86',201,'Rua Santana','2','','78130-412'), 
(560,'Francisco Miranda Sampaio','Patrícia Miranda Rocha','1979-12-13','(65) 99611-8502','francisco23@gmail.com','046.722.871-06',229,'Rua Francisco Alberto Curvo','89','','78115-623'), 
(561,'Antônia Nascimento Moraes','Aline Nascimento Ribeiro','1979-05-30','(65) 98125-1069','antonia99@gmail.com','618.152.871-79',97,'Travessa L-3','78','','78091-224'), 
(562,'Márcia Rodrigues Miranda','Eunice Rodrigues Campos','1991-08-20','(65) 98875-9422','marcia68@gmail.com','708.056.911-70',216,'Rua Eurico Gaspar Dutra','65','','78138-162'), 
(563,'Francisco Lima Araújo','Giovana Lima Nascimento','1979-06-28','(65) 99680-1048','francisco58@gmail.com','978.007.081-87',215,'Rua Goiânia','11','','78142-704'), 
(564,'Patrícia Sampaio Gomes','Julia Sampaio Fernandes','1975-03-29','(65) 99191-0859','patricia57@gmail.com','501.121.231-98',72,'Rua Novara','8','','78060-780'), 
(565,'Ana Barros Oliveira','Luana Barros Lima','1988-12-28','(65) 99804-7076','ana96@gmail.com','032.442.091-90',226,'Rua Verdão','69','','78120-806'), 
(566,'Fernanda Carvalho Sampaio','Aline Carvalho Alves','1992-05-15','(65) 99735-1836','fernanda48@gmail.com','655.397.181-19',8,'Rua Raimundo Correa','85','','78010-270'), 
(567,'Ana Campos Novais','Aline Campos Novais','1976-11-26','(65) 98668-1341','ana65@gmail.com','616.089.091-31',240,'Rua São Mateus','39','','78152-068'), 
(568,'Antônia Martins Araújo','Rafaela Martins Souza','1994-12-30','(65) 99963-5988','antonia84@gmail.com','612.168.981-11',226,'Rua Frei Ambrósio Daide','42','','78120-597'), 
(569,'Francisca Lima Gomes','Adriana Lima Sampaio','1985-07-13','(65) 98242-7455','francisca44@gmail.com','501.307.271-99',5,'Rua Oriente Tenuta','3','','78048-450'), 
(570,'Fernanda Silva Fernandes','Patrícia Silva Miranda','1976-02-05','(65) 98937-6475','fernanda10@gmail.com','043.498.931-21',240,'Rua Aracy de Almeida','88','','78152-124'), 
(571,'Francisco Lima Fernandes','Amanda Lima Alves','1982-10-07','(65) 99686-5646','francisco97@gmail.com','039.149.681-68',4,'Rua Catorze','61','','78088-470'), 
(572,'Luis Sampaio Martins','Paula Sampaio Carvalho','1975-04-18','(65) 98063-1311','luis67@gmail.com','759.876.891-98',199,'Rua Manoel Cruz','63','','78118-248'), 
(573,'Juliana Campos Oliveira','Fernanda Campos Moraes','1985-03-20','(65) 98745-3210','juliana75@gmail.com','549.332.201-31',72,'Rua Genova','6','','78060-760'), 
(574,'Maria Oliveira Almeida','Adriana Oliveira Lima','1981-08-25','(65) 98709-6406','maria59@gmail.com','035.122.021-60',226,'Rua Tricolor','95','','78120-455'), 
(575,'Luis Santos Silva','Amanda Santos Fernandes','1975-11-01','(65) 99750-9623','luis91@gmail.com','845.395.801-75',248,'Rua Goitacá','98','','78131-107'), 
(576,'Francisca Santos Lima','Patrícia Santos Moraes','1978-05-02','(65) 98166-7305','francisca50@gmail.com','967.529.551-15',191,'Rua N','85','','78125-545'), 
(577,'Francisco Santos Martins','Julia Santos Campos','1991-11-05','(65) 98394-7377','francisco74@gmail.com','208.233.601-80',180,'Rua Duzentos e Vinte e Sete','86','','78088-208'), 
(578,'Paulo Santos Carvalho','Paula Santos Monteiro','1975-10-05','(65) 98660-1007','paulo40@gmail.com','439.560.021-21',248,'Avenida Santa Luzia','19','','78131-194'), 
(579,'Ana Almeida Souza','Márcia Almeida Ribeiro','1980-05-12','(65) 99425-2727','ana45@gmail.com','025.349.111-80',154,'Rua A-2','77','','78056-342'), 
(580,'José Alves Monteiro','Giovana Alves Moraes','1977-09-24','(65) 99614-7189','jose41@gmail.com','233.040.361-56',58,'Rua das Papoulas','68','','78043-138'), 
(581,'Gabriel Lima Campos','Gabriela Lima Miranda','1991-12-16','(65) 98750-1742','gabriel47@gmail.com','959.401.221-83',221,'Rua Dez-B','0','','78149-065'), 
(582,'Juliana Souza Silva','Julia Souza Fernandes','1982-12-17','(65) 99576-8735','juliana93@gmail.com','286.729.391-07',57,'Rua Onze','2','','78090-618'), 
(583,'Luis Almeida Campos','Julia Almeida Sampaio','1991-06-15','(65) 98614-7784','luis92@gmail.com','787.654.711-72',135,'Rua C','97','','78058-606'), 
(584,'Paulo Sampaio Novais','Ana Sampaio Ribeiro','1980-04-18','(65) 99224-6952','paulo89@gmail.com','949.422.971-17',135,'Avenida Auta de Souza','21','','78058-637'), 
(585,'Francisca Carvalho Fernandes','Paula Carvalho Novais','1984-09-29','(65) 99218-6250','francisca81@gmail.com','068.449.131-17',153,'Rua N','41','','78052-828'), 
(586,'Gabriel Moraes Campos','Márcia Moraes Costa','1979-07-25','(65) 99842-3941','gabriel77@gmail.com','730.838.661-94',228,'Rua Joanita Pacheco Pedroso','24','','78144-754'), 
(587,'Fernanda Oliveira Monteiro','Aline Oliveira Almeida','1978-02-22','(65) 98719-3039','fernanda23@gmail.com','595.971.701-83',8,'Rua da Tijuca','27','','78010-625'), 
(588,'João Souza Almeida','Julia Souza Novais','1994-05-24','(65) 98488-8540','joao52@gmail.com','549.030.791-98',226,'Travessa Antônio Gonçalves Sobrinho','25','','78120-792'), 
(589,'Francisco Gomes Pereira','Paula Gomes Novais','1989-09-17','(65) 99934-1136','francisco56@gmail.com','428.336.491-69',103,'Rua Setenta e Sete','79','','78058-510'), 
(590,'Antônia Barros Almeida','Aline Barros Ribeiro','1987-10-24','(65) 99647-0215','antonia98@gmail.com','464.738.131-52',80,'Rua Holanda','63','','78089-045'), 
(591,'Fernanda Moraes Almeida','Ana Moraes Rocha','1992-09-20','(65) 99107-5334','fernanda83@gmail.com','298.044.511-82',200,'Rua Governador Valadares','27','','78140-312'), 
(592,'Luis Miranda Almeida','Fernanda Miranda Fernandes','1983-02-18','(65) 98217-2413','luis08@gmail.com','878.189.591-73',103,'Rua Z','51','','78052-568'), 
(593,'Francisco Ribeiro Miranda','Eduarda Ribeiro Mendes','1987-01-17','(65) 98503-4738','francisco94@gmail.com','857.511.451-43',199,'Rua Ana Paulina de Barros (Lot D Sávio)','42','','78118-068'), 
(594,'Antônia Araújo Fernandes','Rafaela Araújo Mendes','1992-08-28','(65) 98425-3483','antonia39@gmail.com','572.438.711-51',134,'Avenida Tenente Praeiro','40','','78070-525'), 
(595,'Francisco Rocha Oliveira','Antônia Rocha Novais','1984-01-17','(65) 98844-8367','francisco53@gmail.com','526.544.191-34',45,'Rua I','24','','78049-322'), 
(596,'Rafael Fernandes Almeida','Eunice Fernandes Novais','1987-10-29','(65) 98783-5779','rafael23@gmail.com','031.395.061-04',24,'Rua Araraguaria','45','','78055-851'), 
(597,'Adriana Mendes Barros','Eduarda Mendes Lima','1979-08-27','(65) 99682-2895','adriana42@gmail.com','503.085.171-21',103,'Rua Anápolis','77','','78055-015'), 
(598,'Maria Costa Almeida','Patrícia Costa Santos','1994-02-05','(65) 98510-5104','maria96@gmail.com','471.012.791-39',221,'Rua dos Lírios (Res J D Campos)','84','','78156-310'), 
(599,'Paulo Souza Gomes','Juliana Souza Barros','1994-03-03','(65) 99899-7018','paulo68@gmail.com','518.669.071-66',221,'Rua Cajuzinho','55','','78149-346'), 
(600,'Rafael Alves Rodrigues','Fernanda Alves Santos','1980-09-13','(65) 98374-5182','rafael21@gmail.com','179.055.781-00',188,'Rua Tocantins','75','','78135-317'), 
(601,'Aline Campos Carvalho','Amanda Campos Moraes','1994-05-14','(65) 98320-6471','aline31@gmail.com','326.190.441-03',22,'Rua Severiano Benedito de Almeida','96','','78050-643'), 
(602,'José Lima Rocha','Ana Lima Barros','1977-06-14','(65) 99161-9861','jose34@gmail.com','334.498.421-70',147,'Rua Seis','74','','78090-330'), 
(603,'José Silva Costa','Maria Silva Rocha','1985-02-10','(65) 99814-0003','jose05@gmail.com','211.919.091-74',203,'Rua Santo Abelardo','10','','78158-248'), 
(604,'Antônia Costa Monteiro','Márcia Costa Fernandes','1981-04-13','(65) 98743-0891','antonia91@gmail.com','224.077.811-39',226,'Rua Padre Santos','60','','78120-882'), 
(605,'Rafael Miranda Lima','Eunice Miranda Martins','1988-01-21','(65) 98523-0768','rafael20@gmail.com','572.725.211-39',226,'Rua X','17','','78120-425'), 
(606,'Francisco Martins Souza','Aline Martins Sampaio','1993-03-25','(65) 98416-8126','francisco79@gmail.com','861.215.181-38',5,'Rua João Pereira Leite','98','','78048-438'), 
(607,'Carlos Martins Barros','Patrícia Martins Oliveira','1983-05-24','(65) 99644-7651','carlos09@gmail.com','968.704.671-61',55,'Rua Santa Mônica','38','','78070-355'), 
(608,'João Martins Souza','Eduarda Martins Oliveira','1985-04-23','(65) 99140-2276','joao28@gmail.com','359.227.581-01',39,'Rua Nove','12','','78028-105'), 
(609,'Luis Monteiro Campos','Giovana Monteiro Barros','1994-02-26','(65) 99102-1395','luis84@gmail.com','502.049.891-24',222,'Rua Quarenta e Um','4','','78148-626'), 
(610,'José Moraes Alves','Márcia Moraes Rocha','1977-12-17','(65) 98107-6158','jose50@gmail.com','509.609.941-57',113,'Travessa das Rosas','82','','78042-350'), 
(611,'Francisca Santos Lima','Maria Santos Rocha','1980-06-26','(65) 98882-6892','francisca53@gmail.com','535.702.871-06',234,'Rua Cinco','82','','78151-016'), 
(612,'Fernanda Miranda Moraes','Antônia Miranda Fernandes','1979-01-25','(65) 98297-0938','fernanda94@gmail.com','430.185.241-79',222,'Rua Sessenta e Seis','22','','78148-664'), 
(613,'Francisco Oliveira Martins','Márcia Oliveira Barros','1981-11-04','(65) 99861-3051','francisco06@gmail.com','112.532.161-00',200,'Rua do Beco','83','','78140-085'), 
(614,'Patrícia Barros Gomes','Ana Barros Monteiro','1977-06-25','(65) 98093-5389','patricia97@gmail.com','893.267.461-27',191,'Rua Presidente Campos Sales','88','','78125-205'), 
(615,'Antônio Miranda Pereira','Letícia Miranda Oliveira','1991-01-16','(65) 99670-2983','antonio45@gmail.com','196.593.521-40',12,'Avenida Miguel Sutil','8','','78008-200'), 
(616,'Francisco Novais Almeida','Márcia Novais Rodrigues','1975-11-07','(65) 99066-8903','francisco24@gmail.com','658.719.541-54',159,'Rua R','90','','78095-498'), 
(617,'Maria Martins Campos','Letícia Martins Rocha','1994-03-04','(65) 99021-1558','maria05@gmail.com','176.288.461-57',164,'Rua José Américo de Almeida','74','','78068-314'), 
(618,'Lucas Moraes Campos','Julia Moraes Alves','1993-01-12','(65) 98425-9275','lucas52@gmail.com','843.321.991-03',117,'Rua S','35','','78055-700'), 
(619,'Aline Sampaio Barros','Eduarda Sampaio Alves','1988-05-03','(65) 98423-1715','aline60@gmail.com','375.180.671-70',136,'Rua Presidente Epitácio Pessoa','98','','78043-522'), 
(620,'Juliana Martins Fernandes','Patrícia Martins Campos','1984-03-28','(65) 98334-1452','juliana82@gmail.com','623.387.511-08',71,'Rua Três','36','','78098-694'), 
(621,'Márcia Gomes Araújo','Aline Gomes Rocha','1990-05-30','(65) 98496-8177','marcia23@gmail.com','724.079.681-74',54,'Rua O','67','','78050-266'), 
(622,'Aline Costa Araújo','Francisca Costa Fernandes','1977-04-28','(65) 99130-7878','aline50@gmail.com','710.284.041-15',59,'Rua Mar Del Plata','58','','78060-585'), 
(623,'Juliana Moraes Costa','Amanda Moraes Campos','1983-04-11','(65) 98678-0248','juliana49@gmail.com','176.219.961-02',41,'Rua F','20','','78085-585'), 
(624,'Francisco Novais Sampaio','Eunice Novais Gomes','1976-10-01','(65) 98540-7719','francisco38@gmail.com','619.110.071-06',203,'Rua Macapá','73','','78158-080'), 
(625,'Paulo Fernandes Miranda','Paula Fernandes Costa','1994-06-06','(65) 98306-4864','paulo62@gmail.com','336.006.561-12',59,'Rua Nassau','83','','78060-664'), 
(626,'Ana Silva Novais','Giovana Silva Araújo','1978-04-30','(65) 98561-9106','ana17@gmail.com','185.069.481-85',153,'Rua E','30','','78052-812'), 
(627,'Lucas Campos Carvalho','Juliana Campos Alves','1985-04-05','(65) 98555-1093','lucas83@gmail.com','423.029.171-03',203,'Rua Covilhã','97','','78158-552'), 
(628,'Antônia Pereira Araújo','Fernanda Pereira Carvalho','1977-04-16','(65) 98250-8151','antonia31@gmail.com','390.608.421-38',247,'Rua Seis','47','','78142-175'), 
(629,'Ana Barros Silva','Amanda Barros Monteiro','1984-07-15','(65) 98050-3485','ana02@gmail.com','589.718.191-89',203,'Rua Figueira da Foz (Lot N Sacre)','43','','78159-106'), 
(630,'José Gomes Barros','Fernanda Gomes Oliveira','1976-04-30','(65) 99617-3603','jose59@gmail.com','667.119.921-30',31,'Rua Vinte e Sete','27','','78090-794'), 
(631,'Carlos Silva Santos','Paula Silva Mendes','1993-08-23','(65) 99639-5896','carlos69@gmail.com','103.992.851-05',241,'Rua Margarida Marques Fontes','8','','78148-430'), 
(632,'Ana Monteiro Alves','Amanda Monteiro Martins','1982-04-16','(65) 99388-5763','ana91@gmail.com','449.538.341-86',201,'Rua São Pedro','95','','78130-438'), 
(633,'Lucas Sampaio Almeida','Antônia Sampaio Costa','1980-11-19','(65) 98355-5351','lucas70@gmail.com','020.466.611-25',221,'Rua Colorado','69','','78149-226'), 
(634,'Juliana Rocha Rodrigues','Antônia Rocha Alves','1979-10-07','(65) 99580-7710','juliana05@gmail.com','337.516.081-09',37,'Rua H','52','','78097-020'), 
(635,'Gabriel Rocha Moraes','Fernanda Rocha Silva','1982-03-07','(65) 99419-4233','gabriel75@gmail.com','976.836.151-45',59,'Avenida Fernando Correa da Costa','38','','78060-600'), 
(636,'Patrícia Rocha Nascimento','Paula Rocha Barros','1989-06-01','(65) 98545-9675','patricia08@gmail.com','565.800.671-60',215,'Rua Mato Grosso','78','','78142-830'), 
(637,'Fernanda Araújo Pereira','Aline Araújo Nascimento','1994-10-06','(65) 99850-7833','fernanda76@gmail.com','256.720.191-29',16,'Rua Cinco de Janeiro','24','','78050-236'), 
(638,'Luis Rodrigues Fernandes','Márcia Rodrigues Alves','1988-12-21','(65) 99795-1837','luis92@gmail.com','499.804.871-60',27,'Rua D','28','','78080-035'), 
(639,'Antônio Mendes Rocha','Márcia Mendes Nascimento','1975-12-09','(65) 99638-3502','antonio60@gmail.com','428.222.371-58',65,'Rua F-14','14','','78093-505'), 
(640,'Carlos Barros Martins','Francisca Barros Gomes','1979-09-13','(65) 99401-9331','carlos89@gmail.com','919.585.961-67',105,'Rua 8','22','','78068-015'), 
(641,'Patrícia Alves Nascimento','Letícia Alves Araújo','1976-09-17','(65) 99137-8235','patricia04@gmail.com','785.973.131-29',234,'Rua Seis','10','','78151-018'), 
(642,'Paulo Rodrigues Costa','Adriana Rodrigues Miranda','1983-06-19','(65) 99158-2216','paulo24@gmail.com','002.151.531-03',68,'Rua Oitocentos','87','','78075-710'), 
(643,'Carlos Santos Alves','Amanda Santos Silva','1993-10-05','(65) 98705-7533','carlos43@gmail.com','284.085.411-29',226,'Rua São Gonçalo','95','','78121-060'), 
(644,'Luis Martins Campos','Julia Martins Miranda','1991-07-11','(65) 98828-3510','luis62@gmail.com','080.942.671-43',153,'Rua G','60','','78052-816'), 
(645,'João Fernandes Costa','Francisca Fernandes Novais','1990-05-07','(65) 99053-7555','joao24@gmail.com','884.304.931-31',200,'Rua Vereador Costa Campos','82','','78140-252'), 
(646,'Maria Almeida Martins','Letícia Almeida Silva','1982-01-22','(65) 98226-4235','maria54@gmail.com','532.176.911-72',238,'Rua Cinco','63','','78151-058'), 
(647,'Patrícia Silva Alves','Maria Silva Moraes','1985-03-24','(65) 98384-2562','patricia11@gmail.com','079.238.531-42',103,'Rua Itaúba','15','','78055-338'), 
(648,'Francisca Rocha Costa','Adriana Rocha Barros','1986-04-18','(65) 98942-0646','francisca08@gmail.com','695.344.221-26',203,'Rua Rondônia','98','','78158-040'), 
(649,'Juliana Almeida Araújo','Adriana Almeida Barros','1975-02-23','(65) 98781-1204','juliana23@gmail.com','651.336.881-21',83,'Rua Nova Trento','35','','78090-090'), 
(650,'Márcia Carvalho Sampaio','Gabriela Carvalho Mendes','1986-12-14','(65) 99762-7475','marcia68@gmail.com','699.807.421-27',104,'Rua Um','95','','78053-478'), 
(651,'Patrícia Gomes Oliveira','Paula Gomes Martins','1980-11-15','(65) 98666-3132','patricia36@gmail.com','251.795.441-06',14,'Rua G-2','45','','78050-565'), 
(652,'Luis Mendes Rodrigues','Amanda Mendes Alves','1992-01-30','(65) 99599-0209','luis89@gmail.com','638.504.551-06',222,'Rua Vinte e Três','61','','78148-668'), 
(653,'Fernanda Martins Souza','Patrícia Martins Sampaio','1983-06-14','(65) 98628-5999','fernanda46@gmail.com','275.977.781-20',66,'Rua Mangabeira','41','','78085-330'), 
(654,'José Rodrigues Fernandes','Paula Rodrigues Martins','1982-09-18','(65) 98460-8385','jose40@gmail.com','018.820.261-79',106,'Rua Um','1','','78090-638'), 
(655,'Paulo Monteiro Silva','Julia Monteiro Santos','1979-07-28','(65) 99727-0617','paulo02@gmail.com','795.850.181-10',41,'Rua F','2','','78085-585'), 
(656,'Márcia Gomes Lima','Eduarda Gomes Pereira','1992-07-30','(65) 99102-6790','marcia56@gmail.com','097.574.811-49',72,'Rua das Mangabas','85','','78061-320'), 
(657,'Antônia Pereira Sampaio','Rafaela Pereira Monteiro','1979-07-02','(65) 99480-6012','antonia95@gmail.com','880.421.621-20',201,'Rua Várzea Grande','10','','78145-156'), 
(658,'João Martins Barros','Juliana Martins Fernandes','1978-04-15','(65) 98412-8536','joao72@gmail.com','625.140.231-81',6,'Rua Senador João Batista Leite da Silva','28','','78005-590'), 
(659,'Antônio Almeida Fernandes','Maria Almeida Campos','1979-04-04','(65) 99215-3736','antonio36@gmail.com','010.933.781-66',2,'Rua Costa e Silva','56','','78052-330'), 
(660,'Ana Pereira Rodrigues','Julia Pereira Novais','1985-08-21','(65) 98571-9897','ana85@gmail.com','159.003.831-21',239,'Rua Júlio Noronha','58','','78150-475'), 
(661,'Ana Lima Barros','Adriana Lima Barros','1981-05-10','(65) 98771-2821','ana37@gmail.com','031.355.851-58',199,'Rua Gávea','81','','78118-852'), 
(662,'Aline Alves Silva','Patrícia Alves Souza','1990-05-19','(65) 98921-3578','aline63@gmail.com','468.337.081-69',46,'Rua H','56','','78098-340'), 
(663,'Paulo Carvalho Rocha','Francisca Carvalho Fernandes','1989-11-22','(65) 99600-0192','paulo95@gmail.com','321.236.431-90',191,'Avenida Governador João Ponce de Arruda','83','','78125-152'), 
(664,'Francisca Nascimento Barros','Amanda Nascimento Monteiro','1991-07-10','(65) 98166-2532','francisca17@gmail.com','267.446.631-60',231,'Rua Samambaia','2','','78132-270'), 
(665,'Adriana Lima Moraes','Juliana Lima Costa','1991-09-04','(65) 99583-6610','adriana07@gmail.com','790.268.691-34',190,'Rua Generoso Tavares','32','','78110-640'), 
(666,'Carlos Novais Carvalho','Aline Novais Costa','1993-11-16','(65) 98848-1828','carlos13@gmail.com','173.432.661-10',241,'Rua Quatro','82','','78148-347'), 
(667,'Juliana Gomes Costa','Julia Gomes Pereira','1991-05-06','(65) 98804-2116','juliana65@gmail.com','291.079.891-72',76,'Rua Lambari','80','','78040-675'), 
(668,'Francisca Sampaio Carvalho','Antônia Sampaio Carvalho','1980-03-02','(65) 98247-2938','francisca64@gmail.com','448.573.821-30',221,'Travessa Flor de Cajú','1','','78149-578'), 
(669,'Antônio Nascimento Alves','Eunice Nascimento Costa','1990-03-31','(65) 98349-5432','antonio13@gmail.com','273.760.371-44',26,'Rua Coronel Neto','43','','78020-835'), 
(670,'Márcia Rocha Oliveira','Juliana Rocha Rodrigues','1980-06-20','(65) 98369-3226','marcia29@gmail.com','527.140.871-08',80,'Rua Seis','5','','78088-838'), 
(671,'Francisco Oliveira Costa','Eunice Oliveira Mendes','1992-10-17','(65) 98881-6259','francisco10@gmail.com','368.922.611-24',199,'Rua Colônia União','53','','78118-004'), 
(672,'José Nascimento Fernandes','Fernanda Nascimento Pereira','1994-07-26','(65) 99915-8226','jose01@gmail.com','839.079.481-06',28,'Travessa Vila Rica','22','','78030-415'), 
(673,'Gabriel Miranda Novais','Letícia Miranda Gomes','1986-04-01','(65) 99404-2069','gabriel24@gmail.com','597.867.741-75',109,'Rua Rondonópolis','3','','78040-755'), 
(674,'Francisca Costa Novais','Aline Costa Gomes','1988-09-25','(65) 98246-7546','francisca41@gmail.com','843.048.711-53',31,'Rua Seis','64','','78090-796'), 
(675,'Fernanda Mendes Barros','Paula Mendes Monteiro','1982-08-18','(65) 99704-1053','fernanda90@gmail.com','967.478.971-53',171,'Rua Trinta','83','','78093-100'), 
(676,'Patrícia Araújo Carvalho','Adriana Araújo Rodrigues','1983-09-22','(65) 99869-7692','patricia37@gmail.com','842.291.871-49',239,'Rua Parentins','57','','78150-592'), 
(677,'José Mendes Barros','Francisca Mendes Almeida','1979-01-30','(65) 99916-8268','jose45@gmail.com','901.446.651-07',132,'Rua Vereador Severiano Benedito de Almeida','23','','78025-120'), 
(678,'Paulo Moraes Mendes','Amanda Moraes Rocha','1980-09-15','(65) 98394-9748','paulo97@gmail.com','552.723.101-52',102,'Rua Quinze','28','','78091-346'), 
(679,'Lucas Nascimento Araújo','Eduarda Nascimento Novais','1984-04-30','(65) 98188-0859','lucas08@gmail.com','393.856.721-00',156,'Rua Monte Sinai','73','','s/n'), 
(680,'Fernanda Novais Carvalho','Juliana Novais Araújo','1985-06-27','(65) 99997-8605','fernanda02@gmail.com','414.745.361-90',24,'Rua C','83','','78049-005'), 
(681,'Antônia Martins Silva','Ana Martins Fernandes','1990-09-04','(65) 98514-0673','antonia72@gmail.com','266.148.891-09',183,'Rua Cláudio Manoel da Costa','56','','78030-295'), 
(682,'Fernanda Gomes Novais','Paula Gomes Araújo','1985-04-30','(65) 99992-9117','fernanda81@gmail.com','386.591.221-43',191,'Rua Vasco da Gama (Lot Jd Ikaray)','5','','78130-318'), 
(683,'Adriana Barros Nascimento','Eunice Barros Almeida','1991-08-03','(65) 98548-3521','adriana96@gmail.com','665.750.691-00',216,'Rua Sebastião Ramos','56','','78138-146'), 
(684,'Juliana Barros Pereira','Amanda Barros Alves','1990-02-28','(65) 98199-9178','juliana41@gmail.com','062.657.851-50',76,'Travessa Poços de Caldas','37','','78040-645'), 
(685,'Lucas Silva Barros','Ana Silva Costa','1975-12-26','(65) 99322-5062','lucas06@gmail.com','401.771.671-73',167,'Rua Paraguai','97','','78040-080'), 
(686,'Maria Campos Martins','Aline Campos Barros','1976-05-14','(65) 99073-2224','maria17@gmail.com','788.965.031-08',26,'Rua Jesse Pinto Freire','4','','78020-506'), 
(687,'Gabriel Monteiro Oliveira','Antônia Monteiro Moraes','1994-01-15','(65) 98637-4564','gabriel28@gmail.com','020.011.231-75',80,'Rua Portugal','77','','78089-030'), 
(688,'Paulo Costa Pereira','Letícia Costa Gomes','1977-12-29','(65) 99933-4694','paulo21@gmail.com','618.710.841-80',191,'Vila Amorim','66','','78110-169'), 
(689,'Francisca Souza Almeida','Gabriela Souza Costa','1976-08-25','(65) 98522-7934','francisca81@gmail.com','081.919.361-51',199,'Rua dos Tuiuius','71','','78118-564'), 
(690,'José Barros Ribeiro','Fernanda Barros Fernandes','1992-02-01','(65) 99553-8011','jose89@gmail.com','945.971.421-85',138,'Rua Rouxinol','83','','78075-210'), 
(691,'Francisco Ribeiro Mendes','Juliana Ribeiro Gomes','1975-12-23','(65) 99847-1406','francisco70@gmail.com','324.983.331-26',231,'Rua M','0','','78132-207'), 
(692,'Aline Fernandes Moraes','Luana Fernandes Lima','1990-08-01','(65) 99366-7760','aline99@gmail.com','844.169.551-20',216,'Rua Barbados','46','','78138-562'), 
(693,'Patrícia Miranda Rocha','Francisca Miranda Alves','1994-11-01','(65) 99577-9203','patricia06@gmail.com','637.957.361-53',106,'Rua D','47','','78090-505'), 
(694,'Juliana Costa Barros','Luana Costa Fernandes','1984-02-22','(65) 99731-6384','juliana57@gmail.com','195.227.721-35',240,'Rua Padre Firmo','76','','78152-040'), 
(695,'Rafael Mendes Lima','Adriana Mendes Carvalho','1982-03-21','(65) 98283-6542','rafael91@gmail.com','134.146.051-71',188,'Rua General Correa da Câmara','11','','78135-080'), 
(696,'João Miranda Costa','Antônia Miranda Moraes','1977-12-13','(65) 98070-7869','joao69@gmail.com','003.987.051-00',211,'Rua Quarenta e Um','14','','78142-017'), 
(697,'Gabriel Barros Sampaio','Ana Barros Ribeiro','1975-10-16','(65) 98963-9456','gabriel65@gmail.com','747.046.591-00',199,'Rua Manoel Correa de Almeida','66','','78117-438'), 
(698,'Carlos Santos Barros','Juliana Santos Silva','1994-03-25','(65) 99633-8026','carlos05@gmail.com','328.582.161-26',180,'Rua Trezentos e Oito','50','','78088-360'), 
(699,'Antônio Miranda Lima','Ana Miranda Lima','1986-12-25','(65) 98760-9337','antonio63@gmail.com','958.075.771-24',199,'Rua Treze','38','','78118-185'), 
(700,'Francisco Lima Souza','Paula Lima Rocha','1976-06-07','(65) 98313-5294','francisco63@gmail.com','862.552.881-37',32,'Rua João-de-Barros','63','','78075-865'), 
(701,'Fernanda Barros Rocha','Giovana Barros Sampaio','1978-06-22','(65) 99990-2540','fernanda66@gmail.com','405.224.381-13',119,'Rua Bakairi','8','','78095-050'), 
(702,'Luis Moraes Souza','Letícia Moraes Martins','1992-08-04','(65) 99582-6139','luis63@gmail.com','777.066.771-25',167,'Rua Alemanha','55','','78040-010'), 
(703,'Adriana Costa Mendes','Antônia Costa Monteiro','1976-06-21','(65) 98559-9362','adriana53@gmail.com','068.412.881-06',199,'Rua Cuba','42','','78118-510'), 
(704,'João Mendes Campos','Aline Mendes Miranda','1994-11-21','(65) 99407-3591','joao78@gmail.com','492.191.381-15',199,'Rua Duque de Caxias','47','','78118-799'), 
(705,'Lucas Ribeiro Alves','Julia Ribeiro Campos','1982-04-17','(65) 99450-0714','lucas84@gmail.com','980.056.651-13',188,'Rua Goiás','8','','78148-788'), 
(706,'Aline Costa Carvalho','Eunice Costa Barros','1986-12-14','(65) 98501-9797','aline83@gmail.com','280.446.691-40',226,'Rua Morumbi (Lot Jd B Rio)','64','','78120-869'), 
(707,'Francisca Moraes Ribeiro','Gabriela Moraes Carvalho','1983-11-12','(65) 98276-3908','francisca41@gmail.com','978.017.381-10',5,'Rua São José','91','','78048-530'), 
(708,'Rafael Silva Campos','Giovana Silva Oliveira','1977-11-23','(65) 99393-6298','rafael61@gmail.com','699.671.901-16',202,'Rua Projetada 93','88','','78155-095'), 
(709,'Adriana Rocha Barros','Márcia Rocha Campos','1985-05-29','(65) 99915-3745','adriana13@gmail.com','187.358.271-49',201,'Rua Rio Negro','42','','78130-703'), 
(710,'José Souza Rocha','Giovana Souza Almeida','1984-06-09','(65) 98291-3589','jose40@gmail.com','444.883.541-30',191,'Rua Rui Barbosa (Lot C Sul)','55','','78125-240'), 
(711,'Gabriel Gomes Mendes','Ana Gomes Martins','1976-12-03','(65) 99787-1557','gabriel87@gmail.com','498.339.781-77',231,'Avenida Torquato','96','','78132-180'), 
(712,'Gabriel Carvalho Moraes','Paula Carvalho Araújo','1976-03-01','(65) 98025-8599','gabriel53@gmail.com','903.483.751-31',205,'Rua Quatro','87','','78155-672'), 
(713,'Luis Oliveira Martins','Eduarda Oliveira Martins','1989-09-21','(65) 99241-0460','luis63@gmail.com','827.273.771-00',161,'Rua N-1','83','','78056-602'), 
(714,'Fernanda Martins Barros','Paula Martins Carvalho','1984-10-06','(65) 99696-1803','fernanda27@gmail.com','416.404.261-32',136,'Rua Estevão de Mendonça','49','','78043-580'), 
(715,'Aline Rocha Alves','Giovana Rocha Carvalho','1991-08-07','(65) 99143-6430','aline51@gmail.com','931.535.911-99',188,'Rua Rio Guaporé','52','','78135-311'), 
(716,'Maria Pereira Monteiro','Gabriela Pereira Martins','1991-10-08','(65) 98255-1387','maria05@gmail.com','241.982.891-74',241,'Rua Alto Coité','12','','78145-839'), 
(717,'Francisco Almeida Barros','Julia Almeida Rocha','1983-04-15','(65) 99572-0372','francisco07@gmail.com','717.531.511-20',103,'Rua Barreirinho','35','','78055-025'), 
(718,'Luis Monteiro Martins','Eduarda Monteiro Silva','1975-04-30','(65) 99046-3124','luis71@gmail.com','927.054.931-31',63,'Rua São Paulo','15','','78065-390'), 
(719,'Lucas Martins Souza','Adriana Martins Sampaio','1986-12-04','(65) 98938-8147','lucas79@gmail.com','761.204.021-28',109,'Rua Dante de Oliveira','30','','78042-655'), 
(720,'Aline Pereira Gomes','Letícia Pereira Nascimento','1979-12-05','(65) 98144-5982','aline03@gmail.com','149.398.331-86',226,'Rua Oliva Enciso','57','','78120-078'), 
(721,'João Ribeiro Novais','Giovana Ribeiro Lima','1984-01-06','(65) 98367-7631','joao80@gmail.com','800.036.901-05',228,'Rua Benedito Fernandes','28','','78144-708'), 
(722,'Antônio Silva Martins','Patrícia Silva Alves','1979-05-09','(65) 98483-5790','antonio81@gmail.com','940.531.461-00',58,'Avenida Senador Metello','14','','78043-230'), 
(723,'Adriana Ribeiro Araújo','Luana Ribeiro Araújo','1991-10-28','(65) 98095-7774','adriana08@gmail.com','805.688.191-36',103,'Rua Jandaia','12','','78058-288'), 
(724,'João Rocha Mendes','Julia Rocha Araújo','1980-09-04','(65) 98315-0939','joao14@gmail.com','784.294.781-32',202,'Rua Prudentina','29','','78155-040'), 
(725,'Patrícia Novais Gomes','Amanda Novais Almeida','1979-08-11','(65) 99827-3033','patricia22@gmail.com','821.935.071-71',25,'Avenida Presidente Getúlio Vargas','93','','800'), 
(726,'Lucas Barros Rocha','Ana Barros Oliveira','1993-01-17','(65) 98967-9987','lucas95@gmail.com','444.903.511-94',171,'Rua Dezoito','21','','78093-750'), 
(727,'Juliana Almeida Santos','Aline Almeida Barros','1978-01-16','(65) 98151-2625','juliana00@gmail.com','042.177.861-07',200,'Rua do Cristão','16','','78140-760'), 
(728,'Rafael Barros Campos','Giovana Barros Souza','1982-10-02','(65) 99578-9766','rafael17@gmail.com','069.163.021-60',180,'Rua Cento e Trinta e Dois','24','','78088-032'), 
(729,'Adriana Gomes Lima','Maria Gomes Araújo','1980-01-20','(65) 98522-5793','adriana30@gmail.com','592.560.881-00',209,'Rua Sete','47','','78133-304'), 
(730,'Antônia Rodrigues Miranda','Fernanda Rodrigues Carvalho','1987-11-28','(65) 98426-0727','antonia25@gmail.com','131.627.821-20',9,'Rua Coronel Peixoto','51','','78010-100'), 
(731,'Antônio Lima Araújo','Gabriela Lima Fernandes','1976-08-09','(65) 99750-5721','antonio26@gmail.com','214.042.961-31',215,'Rua Governador José Fragelli','19','','78142-362'), 
(732,'Luis Santos Rodrigues','Ana Santos Miranda','1994-07-14','(65) 99747-3694','luis41@gmail.com','564.124.311-60',189,'Rua das Indústrias','46','','78134-308'), 
(733,'Márcia Carvalho Araújo','Aline Carvalho Rodrigues','1983-07-13','(65) 99274-7615','marcia74@gmail.com','475.084.761-58',103,'Rua Vinte e Quatro','2','','78058-252'), 
(734,'Lucas Novais Martins','Juliana Novais Ribeiro','1989-04-27','(65) 99648-2057','lucas13@gmail.com','095.221.171-88',104,'Rua Três','47','','78053-015'), 
(735,'Rafael Campos Alves','Luana Campos Pereira','1994-03-15','(65) 99939-8696','rafael65@gmail.com','435.376.741-04',36,'Alameda Oiti','13','','78049-546'), 
(736,'Carlos Barros Oliveira','Eduarda Barros Ribeiro','1975-04-27','(65) 98630-3979','carlos23@gmail.com','657.558.881-67',132,'Rua Rondonópolis','86','','78025-322'), 
(737,'Aline Campos Sampaio','Márcia Campos Carvalho','1986-07-02','(65) 98782-0408','aline67@gmail.com','053.789.601-50',215,'Rua Urubupungá','45','','78143-308'), 
(738,'Fernanda Fernandes Santos','Eduarda Fernandes Araújo','1978-01-04','(65) 98604-8946','fernanda12@gmail.com','295.349.171-68',121,'Rua Cabeceiras','66','','78085-410'), 
(739,'José Pereira Monteiro','Juliana Pereira Mendes','1981-11-20','(65) 99223-4248','jose67@gmail.com','600.846.041-31',63,'Rua Hungria','81','','78065-425'), 
(740,'Aline Nascimento Mendes','Patrícia Nascimento Araújo','1980-06-22','(65) 99140-9146','aline09@gmail.com','634.317.141-02',200,'Rua Harmonia','39','','78141-406'), 
(741,'Gabriel Nascimento Ribeiro','Juliana Nascimento Ribeiro','1993-07-03','(65) 99776-0363','gabriel06@gmail.com','110.043.961-71',24,'Rua Um','35','','78049-055'), 
(742,'Juliana Lima Fernandes','Julia Lima Ribeiro','1984-04-23','(65) 98096-4382','juliana12@gmail.com','606.644.241-47',164,'Rua Oito','4','','78068-354'), 
(743,'Rafael Santos Souza','Juliana Santos Fernandes','1983-10-06','(65) 99682-9520','rafael84@gmail.com','696.039.541-01',215,'Rua Sete','96','','78142-248'), 
(744,'Maria Almeida Moraes','Amanda Almeida Carvalho','1977-07-03','(65) 98616-7778','maria43@gmail.com','464.107.051-23',228,'Rua Estado de Goiás','18','','78144-566'), 
(745,'Francisco Gomes Barros','Julia Gomes Rodrigues','1985-03-01','(65) 98224-6652','francisco55@gmail.com','722.519.451-80',121,'Rua Seis','99','','78085-424'), 
(746,'Antônio Oliveira Lima','Gabriela Oliveira Almeida','1994-01-06','(65) 98049-8043','antonio58@gmail.com','796.222.661-77',200,'Rua 7 de Setembro','59','','78140-271'), 
(747,'Paulo Monteiro Alves','Maria Monteiro Barros','1977-07-07','(65) 98190-0608','paulo10@gmail.com','119.414.961-80',183,'Rua Professor Félix de Miranda','0','','78030-301'), 
(748,'João Souza Fernandes','Maria Souza Araújo','1987-07-04','(65) 99624-1163','joao76@gmail.com','103.017.541-10',127,'Rua Vinte e Sete','0','','78099-135'), 
(749,'Fernanda Martins Pereira','Amanda Martins Sampaio','1982-03-11','(65) 98836-7071','fernanda90@gmail.com','747.063.761-30',228,'Rua Tupinambá','4','','78144-034'), 
(750,'Ana Rodrigues Gomes','Luana Rodrigues Rocha','1981-04-03','(65) 98256-6058','ana34@gmail.com','138.533.741-90',178,'Rua Doze','96','','78053-590'); 

INSERT INTO batalhao(id,sigla,descricao) VALUES 
(1,'25º BPM','25º Batalhão da Polícia Militar'), 
(2,'3º BPM','3º Batalhão da Polícia Militar'), 
(3,'24º BPM','24º Batalhão da Polícia Militar'), 
(4,'10º BPM','10º Batalhão da Polícia Militar'), 
(5,'4º BPM','4º Batalhão da Polícia Militar'); 

INSERT INTO policial(id,idpessoa, nome,matricula, nomemae, datanasc, telefones,email, cpf, idbatalhao, idbairro, rua,numero, complemento, cep) VALUES 
(1,1,'Adriana Novais Martins','21261460457769271626','Letícia Novais Campos','1978-07-06','(65) 98859-6717','adriana44@gmail.com','666.959.661-84',3,130,'Rua Bom Jesus','47','','78015-610'), 
(2,2,'Lucas Rodrigues Nascimento','92513560799950651439','Juliana Rodrigues Costa','1980-05-14','(65) 99670-3135','lucas47@gmail.com','520.561.341-60',3,121,'Rua Cabriúva','41','','78085-465'), 
(3,3,'José Rocha Carvalho','08341731152886062177','Giovana Rocha Rodrigues','1991-05-29','(65) 98435-6828','jose65@gmail.com','190.139.871-41',3,212,'Travessa H','9','','78132-412'), 
(4,4,'Juliana Santos Monteiro','43854224935278955714','Amanda Santos Fernandes','1983-04-09','(65) 99537-1596','juliana82@gmail.com','824.902.411-76',4,26,'Rua Coronel Neto','41','','78020-835'), 
(5,5,'Ana Almeida Barros','83275839299833271674','Maria Almeida Sampaio','1994-11-14','(65) 99195-0364','ana43@gmail.com','971.944.421-59',4,32,'Rua das Garças','75','','78075-868'), 
(6,6,'Juliana Miranda Nascimento','83283954893161605916','Amanda Miranda Silva','1977-11-10','(65) 98634-4272','juliana50@gmail.com','440.140.991-48',3,200,'Rua Monte Azul','67','','78141-232'), 
(7,7,'Antônio Barros Araújo','07581863587396562035','Gabriela Barros Almeida','1982-07-02','(65) 98805-1888','antonio51@gmail.com','008.963.451-90',5,175,'Rua L','60','','78098-244'), 
(8,8,'Francisco Sampaio Rocha','72086746839963877206','Adriana Sampaio Rocha','1983-02-09','(65) 98607-7323','francisco19@gmail.com','354.340.191-21',5,4,'Rua Seis','40','','78088-555'), 
(9,9,'Carlos Oliveira Barros','74324543619128966036','Letícia Oliveira Almeida','1985-10-05','(65) 98983-9400','carlos75@gmail.com','483.508.041-65',5,239,'Rua Clara Nunes','34','','78150-846'), 
(10,10,'Antônio Santos Gomes','56178216653437931833','Juliana Santos Costa','1981-03-22','(65) 98001-6061','antonio93@gmail.com','005.574.211-44',3,231,'Rua México','56','','78132-638'), 
(11,11,'Luis Lima Ribeiro','15700414704218155210','Eduarda Lima Santos','1987-07-13','(65) 99441-6924','luis88@gmail.com','478.645.961-50',1,179,'Rua H','25','','78050-408'), 
(12,12,'Antônia Oliveira Barros','49899594032593507373','Giovana Oliveira Carvalho','1979-04-27','(65) 99337-0960','antonia13@gmail.com','725.723.661-50',3,228,'Rua Guaicuru','63','','78144-012'), 
(13,13,'Antônio Campos Sampaio','08042027449737174551','Aline Campos Costa','1992-03-15','(65) 98284-3500','antonio45@gmail.com','145.774.561-50',5,12,'Rua C','28','','78008-205'), 
(14,14,'Rafael Rodrigues Rocha','59699203770760775076','Márcia Rodrigues Carvalho','1994-11-03','(65) 99109-1211','rafael25@gmail.com','089.593.991-67',1,129,'Rua Pirineus','37','','78058-783'), 
(15,15,'Luis Barros Rocha','04338302458436680611','Patrícia Barros Novais','1992-03-09','(65) 98340-5898','luis49@gmail.com','152.346.751-73',1,176,'Rua das Borboletas','52','','78056-211'), 
(16,16,'Francisco Souza Campos','87560430258763625820','Amanda Souza Rodrigues','1977-12-30','(65) 99829-6696','francisco85@gmail.com','750.990.261-41',3,31,'Rua Vinte e Dois','96','','78090-828'), 
(17,17,'Rafael Monteiro Barros','78293931604593747785','Rafaela Monteiro Alves','1985-05-27','(65) 98109-0318','rafael97@gmail.com','196.693.461-00',3,221,'Avenida Los Angeles','71','','78149-270'), 
(18,18,'Antônia Miranda Rocha','83846687945744483407','Eduarda Miranda Rodrigues','1992-12-31','(65) 98808-6899','antonia99@gmail.com','852.449.261-95',1,171,'Rua Vinte e Cinco','66','','78093-300'), 
(19,19,'José Alves Moraes','34614360414869164208','Ana Alves Almeida','1981-07-20','(65) 98152-4733','jose49@gmail.com','995.571.451-45',3,132,'Avenida A','33','','78025-564'), 
(20,20,'José Sampaio Campos','22486969386393929431','Maria Sampaio Santos','1991-06-08','(65) 99364-6783','jose39@gmail.com','236.340.111-57',5,203,'Rua Luciano da Cruz','73','','78158-512'), 
(21,21,'Gabriel Pereira Fernandes','09665147027580226639','Luana Pereira Moraes','1977-05-24','(65) 99201-7356','gabriel21@gmail.com','886.165.671-43',2,70,'Rua Presidente Antônio Cezário Figueiredo','99','','78043-018'), 
(22,22,'Rafael Rocha Miranda','17768368726064283850','Juliana Rocha Martins','1981-02-12','(65) 99667-3463','rafael27@gmail.com','825.199.861-15',2,135,'Rua B','60','','78056-752'), 
(23,23,'Lucas Carvalho Lima','62965169750330410035','Antônia Carvalho Souza','1994-02-22','(65) 98724-8273','lucas16@gmail.com','570.200.001-34',1,215,'Rua Barra do Garças','38','','78142-850'), 
(24,24,'Rafael Oliveira Fernandes','45520456667441996910','Fernanda Oliveira Monteiro','1994-05-29','(65) 98109-8168','rafael33@gmail.com','475.953.341-95',5,239,'Rua Cento e Sessenta e Oito','59','','78150-622'), 
(25,25,'Francisca Alves Silva','98937500477424792163','Paula Alves Miranda','1994-01-20','(65) 98207-7538','francisca13@gmail.com','808.526.461-78',2,211,'Rua Dezesseis','70','','78142-056'), 
(26,26,'Márcia Rodrigues Ribeiro','90606882410833209817','Fernanda Rodrigues Mendes','1987-11-06','(65) 99105-6735','marcia62@gmail.com','890.382.201-38',5,51,'Travessa Coronel Costa Marques','96','','78043-316'), 
(27,27,'Carlos Moraes Costa','40301040794978995507','Antônia Moraes Fernandes','1994-05-06','(65) 98144-1295','carlos82@gmail.com','483.769.741-06',5,76,'Rua Patos de Minas','59','','78040-660'), 
(28,28,'Luis Costa Carvalho','84019135592670077230','Paula Costa Araújo','1976-02-23','(65) 99290-9514','luis84@gmail.com','561.666.411-17',1,65,'Rua F-12','23','','78093-500'), 
(29,29,'Paulo Moraes Santos','12626066114729615831','Ana Moraes Novais','1992-05-04','(65) 98653-2959','paulo83@gmail.com','439.277.051-60',1,198,'Rua Nossa Senhora Aparecida','27','','78128-452'), 
(30,30,'Paulo Mendes Monteiro','33121295015723315689','Adriana Mendes Martins','1981-02-15','(65) 98185-6358','paulo37@gmail.com','631.111.361-91',5,119,'Rua Esmeralda','4','','78094-644'), 
(31,31,'Luis Costa Alves','06750316647363196171','Aline Costa Araújo','1986-04-30','(65) 98164-1561','luis47@gmail.com','599.588.181-75',3,91,'Praça Telavive','32','','78065-139'), 
(32,32,'Gabriel Rodrigues Oliveira','40066337613389303013','Julia Rodrigues Pereira','1975-07-26','(65) 98531-4013','gabriel42@gmail.com','867.205.171-80',4,105,'Rua 6','46','','78068-056'), 
(33,33,'Paulo Silva Pereira','62432471319027875072','Adriana Silva Barros','1981-10-30','(65) 99510-3363','paulo25@gmail.com','534.143.271-12',2,199,'Rua Abacateiro','9','','78117-350'), 
(34,34,'Márcia Rodrigues Campos','64934991724101217438','Patrícia Rodrigues Novais','1976-02-29','(65) 99951-6122','marcia07@gmail.com','522.779.301-80',1,104,'Rua Dois','86','','78053-482'), 
(35,35,'Fernanda Martins Santos','19150150730181626070','Gabriela Martins Monteiro','1987-01-10','(65) 99800-1764','fernanda53@gmail.com','030.909.001-65',5,120,'Rua M-1','62','','78095-286'), 
(36,36,'Juliana Mendes Miranda','57189417063890156298','Márcia Mendes Novais','1976-12-06','(65) 98885-2681','juliana73@gmail.com','242.702.061-36',2,199,'Rua Moisés Salvador','24','','78118-812'), 
(37,37,'Juliana Monteiro Gomes','93129910693413356493','Amanda Monteiro Silva','1975-06-24','(65) 98539-6121','juliana09@gmail.com','171.024.511-56',2,226,'Rua Coronel Julião de Brito','2','','78120-577'), 
(38,38,'Antônio Ribeiro Almeida','02204092039577610916','Letícia Ribeiro Rodrigues','1977-02-20','(65) 99154-4992','antonio80@gmail.com','961.517.601-07',3,137,'Rua Oitenta e Quatro','84','','78095-600'), 
(39,39,'Márcia Campos Lima','36282635721265601562','Amanda Campos Rocha','1986-10-14','(65) 99537-6681','marcia42@gmail.com','592.517.341-43',1,8,'Rua Doutor Euricles Mota','73','','78010-715'), 
(40,40,'João Almeida Rodrigues','80869062713857416442','Adriana Almeida Souza','1993-07-14','(65) 98792-8481','joao56@gmail.com','792.314.651-98',3,49,'Rua Aripuanã','76','','78052-040'), 
(41,41,'João Costa Santos','31160174735323782269','Julia Costa Lima','1975-05-16','(65) 98454-9570','joao02@gmail.com','443.167.271-09',4,191,'Rua Antônio J. de Campos','44','','78125-450'), 
(42,42,'Antônio Gomes Moraes','20408530866080841917','Letícia Gomes Mendes','1983-06-02','(65) 99242-7297','antonio00@gmail.com','500.918.371-46',1,186,'Rua Goiás','5','','78110-815'), 
(43,43,'José Almeida Miranda','07030087318359338373','Eduarda Almeida Moraes','1992-02-06','(65) 98031-3150','jose55@gmail.com','870.923.241-90',5,238,'Rua Um','60','','78151-052'), 
(44,44,'Antônio Santos Barros','24329770830518173352','Luana Santos Monteiro','1986-03-28','(65) 99424-0900','antonio57@gmail.com','171.842.931-26',3,229,'Travessa São Paulo','87','','78115-155'), 
(45,45,'Juliana Rodrigues Carvalho','75261683868687023693','Eunice Rodrigues Mendes','1989-05-19','(65) 99724-4499','juliana33@gmail.com','820.222.531-08',3,15,'Rua Onze','17','','78068-554'), 
(46,46,'Carlos Campos Barros','67654315798516521474','Julia Campos Miranda','1978-01-25','(65) 98152-7335','carlos61@gmail.com','874.899.341-76',5,168,'Rua Marabas','77','','78060-520'), 
(47,47,'Gabriel Sampaio Gomes','09244681556352934448','Aline Sampaio Rodrigues','1993-08-22','(65) 99100-1859','gabriel98@gmail.com','851.967.371-62',5,106,'Rua C','73','','78090-511'), 
(48,48,'Francisca Santos Sampaio','53929742096749884488','Aline Santos Silva','1993-02-17','(65) 98992-4984','francisca14@gmail.com','360.519.601-20',5,240,'Rua Atlético Mineiro','70','','78152-058'), 
(49,49,'Adriana Almeida Lima','98469211322082538118','Eduarda Almeida Santos','1991-03-10','(65) 99776-5153','adriana31@gmail.com','272.561.571-26',3,191,'Travessa Palmas','30','','78135-607'), 
(50,50,'Rafael Monteiro Carvalho','39259238978794698106','Juliana Monteiro Almeida','1991-03-22','(65) 99789-5142','rafael16@gmail.com','784.514.641-22',1,147,'Rua 20','72','','78089-758'), 
(51,51,'Francisca Miranda Oliveira','86217413094485494813','Paula Miranda Carvalho','1978-01-10','(65) 98499-9415','francisca46@gmail.com','017.792.781-01',5,16,'Avenida Historiador Rubens de Mendonça','62','','1796'), 
(52,52,'Lucas Barros Araújo','46867729368965430797','Aline Barros Sampaio','1991-11-08','(65) 98444-3313','lucas86@gmail.com','180.836.591-77',5,111,'Rua da Felicidade','51','','78058-733'), 
(53,53,'Lucas Santos Rodrigues','92214278512842459166','Adriana Santos Barros','1978-05-22','(65) 98844-6559','lucas66@gmail.com','243.007.981-09',4,99,'Rua Cinco','67','','78091-316'), 
(54,54,'Francisca Santos Rodrigues','37698242058027595048','Aline Santos Silva','1977-05-05','(65) 98512-7380','francisca48@gmail.com','742.088.521-43',5,191,'Rua Miguel Leite','80','','78110-044'), 
(55,55,'Rafael Campos Silva','69540772918279970433','Fernanda Campos Martins','1978-06-16','(65) 98173-4205','rafael04@gmail.com','676.907.631-46',4,110,'Rua Várzea Bonita','59','','78058-653'), 
(56,56,'Lucas Carvalho Lima','06789388672392816620','Aline Carvalho Monteiro','1975-08-16','(65) 99839-7769','lucas25@gmail.com','809.305.271-27',1,215,'Rua Dezesseis','59','','78142-240'), 
(57,57,'Paulo Miranda Souza','75814670619855995388','Amanda Miranda Alves','1989-12-03','(65) 98661-3185','paulo21@gmail.com','556.565.611-78',5,200,'Rua da Justiça','30','','78140-272'), 
(58,58,'Carlos Novais Almeida','11375441812635627770','Julia Novais Alves','1989-08-24','(65) 98906-1097','carlos57@gmail.com','310.479.681-50',3,168,'Rua Maracas','56','','78060-340'), 
(59,59,'Patrícia Monteiro Barros','70254266061306159348','Julia Monteiro Almeida','1986-07-02','(65) 98541-1417','patricia93@gmail.com','564.176.781-64',5,82,'Rua Seis','82','','78070-068'), 
(60,60,'José Silva Martins','82401676419305231583','Adriana Silva Campos','1993-03-15','(65) 99023-5455','jose49@gmail.com','417.421.931-10',2,108,'Avenida Professora Edna Maria de Albuquerque Affi','94','','78098-615'), 
(61,61,'Antônia Costa Novais','50618630632637265900','Luana Costa Barros','1994-05-19','(65) 99102-8387','antonia46@gmail.com','726.051.081-12',2,200,'Rua Santa Cruz','36','','78141-252'), 
(62,62,'Francisco Miranda Oliveira','93338561318901701535','Paula Miranda Silva','1975-08-14','(65) 99054-2465','francisco47@gmail.com','614.885.221-70',1,5,'Rua Ponta Porã','50','','78048-560'), 
(63,63,'Gabriel Oliveira Ribeiro','05353428672369577527','Giovana Oliveira Rocha','1976-08-28','(65) 99733-7363','gabriel53@gmail.com','837.817.291-09',4,221,'Rua das Dálias (Res J D Campos)','27','','78156-317'), 
(64,64,'João Carvalho Rocha','93859177249176183164','Patrícia Carvalho Mendes','1984-05-05','(65) 99495-8612','joao66@gmail.com','998.737.791-24',4,5,'Rua Omã','28','','78048-266'), 
(65,65,'Antônia Lima Barros','45928273103114380535','Letícia Lima Almeida','1994-04-13','(65) 98473-9723','antonia50@gmail.com','125.504.401-29',2,228,'Rua Perpétua','23','','78144-454'), 
(66,66,'Paulo Souza Martins','42554885538238494353','Fernanda Souza Ribeiro','1984-03-25','(65) 98910-4462','paulo60@gmail.com','696.912.481-90',3,151,'Rua M','15','','78087-105'), 
(67,67,'Luis Campos Barros','76286839983858719110','Paula Campos Mendes','1991-06-07','(65) 98097-6689','luis12@gmail.com','364.653.961-57',1,229,'Rua Coronel José Augusto Gomes','43','','78115-705'), 
(68,68,'Fernanda Moraes Santos','31997888759446101726','Eduarda Moraes Monteiro','1989-12-12','(65) 99770-6452','fernanda09@gmail.com','619.715.621-06',3,177,'Rua Três','14','','78051-620'), 
(69,69,'Francisco Sampaio Pereira','64875431974491975813','Gabriela Sampaio Monteiro','1992-10-05','(65) 99904-5306','francisco52@gmail.com','171.811.191-68',5,36,'Alameda Ingá','58','','78049-539'), 
(70,70,'Gabriel Rodrigues Fernandes','85002137637027089360','Adriana Rodrigues Mendes','1975-01-28','(65) 98907-1588','gabriel17@gmail.com','070.267.131-24',3,215,'Rua Feliz Natal','24','','78142-889'), 
(71,71,'Lucas Alves Monteiro','39505083146966478630','Aline Alves Lima','1984-08-18','(65) 98726-0033','lucas48@gmail.com','674.789.891-52',2,39,'Rua Quatro','68','','78028-287'), 
(72,72,'João Moraes Monteiro','98667429496467658120','Eduarda Moraes Santos','1986-01-03','(65) 99209-4320','joao15@gmail.com','902.833.081-09',3,108,'Rua A-10','92','','78098-564'), 
(73,73,'Maria Fernandes Costa','64227235370627931659','Francisca Fernandes Martins','1988-11-22','(65) 99275-0388','maria43@gmail.com','565.964.091-55',5,241,'Avenida Maurilio Felfilli','19','','78145-845'), 
(74,74,'João Oliveira Silva','95752313242235290001','Adriana Oliveira Nascimento','1981-11-22','(65) 98378-2783','joao26@gmail.com','400.434.121-30',5,229,'Rua Professora Abgail Vieira','77','','78115-343'), 
(75,75,'Carlos Campos Alves','74415152310273971706','Luana Campos Mendes','1979-12-01','(65) 99931-7918','carlos48@gmail.com','708.495.441-49',3,5,'Rua dos Milagres','97','','78048-598'), 
(76,76,'Antônia Mendes Barros','78726838811012343779','Ana Mendes Costa','1979-07-13','(65) 98739-0319','antonia47@gmail.com','110.590.441-53',3,241,'Rua Quinze','33','','78145-820'), 
(77,77,'Maria Rodrigues Barros','56846563850174659402','Márcia Rodrigues Mendes','1984-01-31','(65) 99195-9850','maria76@gmail.com','348.502.051-60',2,34,'Avenida dos Florais','70','','78049-400'), 
(78,78,'Aline Miranda Araújo','92075007865265991547','Luana Miranda Santos','1978-12-16','(65) 99710-1540','aline06@gmail.com','309.100.771-50',3,191,'Rua Santa Catarina','45','','78135-590'), 
(79,79,'Francisco Martins Barros','06584249873470207248','Aline Martins Rocha','1981-01-28','(65) 98466-0787','francisco81@gmail.com','280.618.911-07',2,198,'Rua Ataulfo Alves','74','','78128-180'), 
(80,80,'Lucas Moraes Rocha','62732513863262578039','Paula Moraes Rocha','1994-02-24','(65) 98811-3819','lucas45@gmail.com','094.285.191-97',1,121,'Rodovia Palmiro Paes de Barros','83','','78085-417'), 
(81,81,'José Moraes Monteiro','83663219042076411729','Fernanda Moraes Mendes','1975-01-26','(65) 99979-1010','jose78@gmail.com','039.329.461-70',5,226,'Rua Tricolor (Lot Jd B Rio)','28','','78120-865'), 
(82,82,'Rafael Lima Moraes','00917250843040058876','Julia Lima Ribeiro','1989-06-02','(65) 99607-8994','rafael90@gmail.com','934.756.001-45',1,183,'Avenida Oito de Abril','73','','78030-367'), 
(83,83,'Ana Gomes Barros','61549428132841460653','Maria Gomes Miranda','1994-01-16','(65) 98016-9692','ana83@gmail.com','349.420.421-78',3,177,'Rua São Vicente','41','','78051-611'), 
(84,84,'Márcia Mendes Moraes','82961714378249322437','Juliana Mendes Barros','1991-11-15','(65) 99184-9076','marcia02@gmail.com','203.528.931-92',3,45,'Rua F','44','','78048-735'), 
(85,85,'Márcia Rodrigues Monteiro','85154721556326523632','Ana Rodrigues Alves','1994-02-14','(65) 98753-2518','marcia82@gmail.com','201.233.271-48',4,239,'Rua Gavião Real','77','','78150-278'), 
(86,86,'Márcia Araújo Pereira','73045563489980362568','Juliana Araújo Costa','1981-10-02','(65) 99007-5554','marcia94@gmail.com','153.353.161-79',2,167,'Rua Inglaterra','27','','78040-210'), 
(87,87,'José Rodrigues Campos','05732116021864624848','Antônia Rodrigues Costa','1991-09-09','(65) 98469-4826','jose78@gmail.com','453.046.871-24',4,228,'Rua Estado de São Paulo','14','','78144-542'), 
(88,88,'Luis Lima Novais','70825228744309641835','Giovana Lima Souza','1986-02-23','(65) 99203-6239','luis81@gmail.com','647.959.781-82',3,198,'Rua São Francisco de Assis','78','','78128-520'), 
(89,89,'Rafael Nascimento Monteiro','49520186595652308048','Juliana Nascimento Barros','1979-09-21','(65) 99821-8070','rafael00@gmail.com','222.815.301-08',2,85,'Rua Frei Caneca','79','','78061-358'), 
(90,90,'Rafael Fernandes Rocha','31747521140200526425','Giovana Fernandes Monteiro','1981-11-19','(65) 99303-8642','rafael14@gmail.com','554.225.321-04',1,122,'Avenida Fernando Correa da Costa','23','','78080-300'), 
(91,91,'Luis Costa Rodrigues','51945996177564662419','Fernanda Costa Alves','1991-02-22','(65) 98768-4856','luis25@gmail.com','595.765.931-23',1,142,'Rua Um','26','','78091-380'), 
(92,92,'Gabriel Souza Barros','88729166683027833287','Paula Souza Moraes','1980-04-16','(65) 99390-0480','gabriel15@gmail.com','615.960.751-04',4,216,'Rua Governador Arnaldo de Figueiredo','96','','78138-230'), 
(93,93,'Aline Miranda Souza','86909924054930104733','Gabriela Miranda Novais','1990-06-20','(65) 99139-5898','aline18@gmail.com','681.311.161-23',1,66,'Rua Aroeira','16','','78085-375'), 
(94,94,'Francisca Miranda Rodrigues','37052805094178860910','Amanda Miranda Silva','1976-03-02','(65) 98388-6581','francisca02@gmail.com','590.848.311-79',5,89,'Rua Ulisses Pedro de Alcântara','68','','78091-035'), 
(95,95,'Aline Alves Rocha','52914042386544090319','Ana Alves Monteiro','1978-05-15','(65) 99649-5681','aline65@gmail.com','322.824.731-75',4,247,'Rua Doze','92','','78142-192'), 
(96,96,'Gabriel Nascimento Barros','90902834933419648997','Maria Nascimento Mendes','1987-08-14','(65) 99418-2080','gabriel18@gmail.com','465.619.591-08',2,120,'Rua Cinqüenta e Seis','65','','78095-251'), 
(97,97,'Márcia Rocha Lima','76841113022592006286','Ana Rocha Lima','1987-01-12','(65) 99000-4137','marcia68@gmail.com','951.005.131-44',2,226,'Rua Alzira Soriano de Souza','55','','78120-096'), 
(98,98,'Maria Santos Costa','22286316020396377377','Amanda Santos Oliveira','1979-11-02','(65) 99340-8841','maria33@gmail.com','026.094.321-51',4,103,'Rua Foz do Iguaçu','3','','78055-240'), 
(99,99,'Rafael Nascimento Carvalho','30198124035261929468','Juliana Nascimento Carvalho','1992-03-16','(65) 99649-7851','rafael23@gmail.com','410.276.191-85',2,239,'Rua B','98','','78150-429'), 
(100,100,'Juliana Fernandes Rocha','15369825863113677702','Márcia Fernandes Barros','1993-04-14','(65) 99650-4893','juliana13@gmail.com','966.145.101-00',5,20,'Rua C','81','','78050-322'); 

INSERT INTO orgao(id, sigla, descricao) VALUES 
(1,'SESP','Secretaria do Estado de Segurança Pública'), 
(2,'POLITEC','Polícia Técnica'), 
(3,'PJC','Polícia Judiciária Civil'); 

INSERT INTO setor (id, sigla, descricao, idorgao) VALUES 
(1,'TI','Tecnologia de Informação',1), 
(2,'CIOSP','Centro Integrado de operações de segurança',1),
(3,'RH','Recursos Humanos',1);

INSERT INTO administrativo(id,idpessoa, nome,matricula, nomemae, datanasc, telefones,email, cpf, idsetor, idbairro, rua,numero, complemento, cep) VALUES 
(1,101,'Paulo Barros Ribeiro','84912300330640262471','Amanda Barros Mendes','1976-06-08','(65) 98954-1258','paulo84@gmail.com','028.332.431-70',2,127,'Rua Trinta e Oito','98','','78099-190'), 
(2,102,'Antônio Costa Novais','40538360336002567743','Adriana Costa Carvalho','1990-01-13','(65) 99209-6080','antonio94@gmail.com','831.087.311-57',3,229,'Rua Portugal','47','','78115-861'), 
(3,103,'Francisca Santos Fernandes','26167309253771506882','Amanda Santos Sampaio','1988-11-01','(65) 98119-8166','francisca03@gmail.com','457.147.721-05',3,229,'Avenida da FEB','60','','78115-806'), 
(4,104,'Fernanda Miranda Santos','62105748590351208162','Antônia Miranda Pereira','1994-02-17','(65) 99875-5931','fernanda92@gmail.com','104.062.421-94',2,103,'Rua Daniel Taques Rosa da Silva','1','','78055-530'), 
(5,105,'Fernanda Gomes Barros','97532774954168591648','Rafaela Gomes Barros','1991-09-24','(65) 99126-9544','fernanda53@gmail.com','810.173.281-02',2,228,'Rua Escolástica Pinheiro da Silva','32','','78144-656'), 
(6,106,'José Mendes Pereira','56968788155879956869','Paula Mendes Fernandes','1978-03-02','(65) 98392-5710','jose84@gmail.com','565.758.891-66',1,191,'Rua Tupinambá (Lot C Sul)','37','','78135-670'), 
(7,107,'Francisco Costa Gomes','50841852487898672981','Ana Costa Almeida','1994-05-18','(65) 99124-5155','francisco97@gmail.com','088.261.181-08',3,193,'Travessa Quatro','14','','78120-195'), 
(8,108,'Patrícia Lima Nascimento','73019794578785108616','Rafaela Lima Monteiro','1994-04-10','(65) 99007-6529','patricia91@gmail.com','669.995.341-95',1,226,'Rua Vila Alegre','68','','78120-665'), 
(9,109,'Rafael Mendes Campos','04280035229283719786','Antônia Mendes Moraes','1977-05-24','(65) 99194-9423','rafael16@gmail.com','839.093.421-32',2,97,'Rua Cinco','50','','78091-240'), 
(10,110,'João Barros Ribeiro','47079180729960918777','Amanda Barros Nascimento','1989-02-13','(65) 98068-5075','joao90@gmail.com','093.447.161-45',2,135,'Rua Z','23','','78058-650'), 
(11,111,'Adriana Araújo Rocha','63254735527841888352','Juliana Araújo Souza','1986-04-01','(65) 98524-5817','adriana50@gmail.com','999.618.691-17',1,72,'Rua dos Barus','32','','78061-304'), 
(12,112,'Lucas Novais Santos','49448430791312911163','Francisca Novais Carvalho','1977-08-07','(65) 99131-7499','lucas25@gmail.com','649.178.061-94',3,183,'Travessa Daniel Rodrigues','59','','78030-370'), 
(13,113,'Patrícia Araújo Alves','24838155804386124280','Maria Araújo Oliveira','1975-04-02','(65) 98381-3016','patricia71@gmail.com','253.318.351-20',3,176,'Rua das Paineiras','20','','78056-226'), 
(14,114,'Carlos Costa Ribeiro','36455817829441003583','Gabriela Costa Rodrigues','1983-06-15','(65) 98912-4029','carlos18@gmail.com','485.637.631-48',3,103,'Rua C','91','','78058-324'), 
(15,115,'Aline Santos Miranda','57378248707864618158','Luana Santos Barros','1986-02-16','(65) 99773-2615','aline88@gmail.com','387.130.271-66',3,228,'Rua Jaime Veríssimo de Campos Jr.','66','','78144-690'), 
(16,116,'Francisca Barros Costa','53227576190878244428','Fernanda Barros Monteiro','1985-09-06','(65) 99403-4495','francisca36@gmail.com','497.347.601-30',1,191,'Rua Martins','75','','78125-504'), 
(17,117,'Francisca Rocha Ribeiro','98813233781340265498','Ana Rocha Miranda','1980-05-19','(65) 99236-2358','francisca59@gmail.com','859.485.881-73',1,180,'Rua Duzentos e Vinte e Três','78','','78088-230'), 
(18,118,'Paulo Mendes Araújo','98292058834754320225','Adriana Mendes Santos','1989-05-23','(65) 98860-7837','paulo63@gmail.com','837.659.651-97',3,209,'Rua Onze','20','','78133-306'), 
(19,119,'Francisco Carvalho Barros','64659844765195077006','Amanda Carvalho Sampaio','1976-01-06','(65) 99169-7931','francisco09@gmail.com','636.477.331-13',3,239,'Rua Bahia','59','','78150-168'), 
(20,120,'Fernanda Miranda Oliveira','05735902160341078782','Giovana Miranda Rocha','1994-07-05','(65) 99334-6342','fernanda89@gmail.com','704.630.771-72',1,191,'Rua Presidente José de Alencar','4','','78110-089'), 
(21,121,'Fernanda Rocha Lima','25624032604007047603','Ana Rocha Alves','1988-05-29','(65) 98731-1074','fernanda11@gmail.com','107.821.841-20',3,163,'Rua Raul Santos Costa','94','','78048-160'), 
(22,122,'Lucas Martins Monteiro','31840679920972420102','Eduarda Martins Souza','1976-12-13','(65) 98352-3701','lucas51@gmail.com','442.530.331-80',3,151,'Rua J','48','','78087-108'), 
(23,123,'João Oliveira Almeida','32959035284515993082','Rafaela Oliveira Rodrigues','1991-09-09','(65) 99825-7231','joao68@gmail.com','273.255.711-00',2,62,'Rua Nove','87','','78051-430'), 
(24,124,'Fernanda Carvalho Miranda','78614609938684602444','Adriana Carvalho Sampaio','1991-08-12','(65) 99043-0756','fernanda45@gmail.com','122.043.041-23',1,167,'Rua Damasco','21','','78040-110'), 
(25,125,'João Silva Carvalho','23660756297338421144','Ana Silva Pereira','1983-09-02','(65) 98145-2418','joao68@gmail.com','533.367.021-86',2,241,'Avenida Frei Coimbra','40','','78145-548'), 
(26,126,'Luis Araújo Barros','09670243438151933463','Paula Araújo Alves','1976-02-09','(65) 98644-0399','luis96@gmail.com','464.228.411-75',3,99,'Rua Três','86','','78091-312'), 
(27,127,'Lucas Martins Miranda','92203754718575321950','Antônia Martins Carvalho','1994-08-16','(65) 98800-2743','lucas78@gmail.com','814.739.721-67',3,25,'Rua Barão de Melgaço','51','','302'), 
(28,128,'Fernanda Ribeiro Campos','10797384684593157295','Paula Ribeiro Rodrigues','1984-05-05','(65) 98016-2278','fernanda41@gmail.com','297.012.321-51',2,120,'Rua S-5','89','','78095-466'), 
(29,129,'Carlos Barros Santos','22513514598422237898','Luana Barros Rodrigues','1993-03-02','(65) 99397-4981','carlos84@gmail.com','465.983.651-71',3,2,'Rua Brasília','74','','78052-326'), 
(30,130,'João Barros Silva','34073014055979710854','Maria Barros Miranda','1982-05-17','(65) 99312-1550','joao43@gmail.com','393.358.891-05',1,215,'Rua Mato Grosso','37','','78142-508'), 
(31,131,'Paulo Almeida Silva','87923373446602069781','Maria Almeida Araújo','1984-01-03','(65) 99593-7010','paulo69@gmail.com','595.059.391-08',2,60,'Avenida das Palmeiras','44','','78080-100'), 
(32,132,'Lucas Carvalho Miranda','96484864807241329431','Aline Carvalho Campos','1980-07-18','(65) 98754-7287','lucas35@gmail.com','576.353.241-44',3,46,'Rua D','48','','78098-300'), 
(33,133,'Patrícia Moraes Alves','07993113100530699102','Fernanda Moraes Lima','1986-05-25','(65) 98114-7264','patricia84@gmail.com','331.262.441-06',3,228,'Rua Estado de São Paulo','22','','78144-630'), 
(34,134,'Márcia Souza Santos','83659966479549662236','Aline Souza Almeida','1977-08-29','(65) 98406-2447','marcia82@gmail.com','705.218.691-88',2,203,'Rua Santo Abílio','70','','78158-242'), 
(35,135,'Gabriel Lima Novais','22734702369607514718','Amanda Lima Monteiro','1984-03-20','(65) 99963-8309','gabriel20@gmail.com','475.849.551-34',3,200,'Rua José Bonifácio','62','','78140-306'), 
(36,136,'Juliana Silva Martins','27756388784183372542','Antônia Silva Alves','1987-11-19','(65) 99044-4979','juliana00@gmail.com','113.060.031-99',3,199,'Rua das Mangueiras','61','','78118-132'), 
(37,137,'Patrícia Monteiro Alves','49208700605420395517','Francisca Monteiro Carvalho','1989-08-04','(65) 99584-2803','patricia76@gmail.com','820.650.761-27',1,25,'Avenida Presidente Getúlio Vargas','65','','800'), 
(38,138,'José Fernandes Oliveira','19993812784646578490','Adriana Fernandes Lima','1976-06-01','(65) 99215-9144','jose30@gmail.com','791.919.321-49',3,127,'Rua Sessenta e Cinco','27','','78099-325'), 
(39,139,'Gabriel Moraes Rocha','81665458193270127761','Eduarda Moraes Oliveira','1986-01-21','(65) 98970-5125','gabriel53@gmail.com','446.163.081-10',2,16,'Rua Ametista','87','','78050-100'), 
(40,140,'Patrícia Martins Monteiro','30511408366829885594','Giovana Martins Alves','1987-04-08','(65) 98780-4765','patricia54@gmail.com','447.154.841-70',2,241,'Rua Sebastião Felfilli','5','','78145-867'), 
(41,141,'José Costa Martins','11088198525136953080','Antônia Costa Oliveira','1985-10-31','(65) 99331-8450','jose21@gmail.com','232.549.781-02',3,186,'Rua Tocantins','8','','78110-804'), 
(42,142,'Rafael Lima Carvalho','59403243678185108425','Eduarda Lima Alves','1982-09-14','(65) 99625-4561','rafael34@gmail.com','228.679.111-25',3,40,'Travessa Vacaria','0','','78085-095'), 
(43,143,'Antônia Campos Costa','52033550327310037231','Letícia Campos Martins','1994-10-28','(65) 99144-8653','antonia75@gmail.com','927.963.081-46',3,14,'Rua A','33','','78050-520'), 
(44,144,'Carlos Pereira Araújo','35936429276531995847','Rafaela Pereira Sampaio','1980-06-20','(65) 99453-3079','carlos37@gmail.com','481.532.011-07',1,200,'Rua Leite de Castro','98','','78141-120'), 
(45,145,'Francisca Oliveira Costa','45925041658195527281','Letícia Oliveira Campos','1990-05-28','(65) 98382-2841','francisca36@gmail.com','472.287.201-56',2,97,'Rua Oito','59','','78091-250'), 
(46,146,'Maria Rodrigues Araújo','87080621227133500459','Márcia Rodrigues Martins','1987-03-12','(65) 98752-9981','maria81@gmail.com','296.717.971-05',1,103,'Rua Codorna','82','','78058-138'), 
(47,147,'João Novais Mendes','68238797637359698185','Rafaela Novais Barros','1978-01-26','(65) 98636-3539','joao44@gmail.com','888.092.871-69',3,203,'Rua América do Sul (Lot N Sacre)','68','','78159-102'), 
(48,148,'Antônia Souza Campos','76009338345961829638','Rafaela Souza Barros','1979-10-19','(65) 99407-1765','antonia73@gmail.com','673.776.881-49',1,215,'Rua Estados Unidos','24','','78143-350'), 
(49,149,'Márcia Martins Santos','52255162419901004427','Ana Martins Rodrigues','1980-11-16','(65) 99774-4605','marcia85@gmail.com','714.180.241-04',2,132,'Travessa Terenos','36','','78025-453'), 
(50,150,'Rafael Lima Araújo','57754752833488172215','Letícia Lima Carvalho','1993-11-17','(65) 98206-2484','rafael85@gmail.com','872.153.501-93',2,164,'Rua Alberto de Oliveira','99','','78068-210'); 

INSERT INTO patrulha(id, viatura) VALUES 
(1,'Viatura'), 
(2,'Viatura'), 
(3,'Viatura'), 
(4,'Viatura'), 
(5,'Viatura'), 
(6,'Viatura'), 
(7,'Viatura'), 
(8,'Viatura'), 
(9,'Viatura'), 
(10,'Viatura'), 
(11,'Viatura'), 
(12,'Viatura'), 
(13,'Viatura'), 
(14,'Viatura'), 
(15,'Viatura'), 
(16,'Viatura'), 
(17,'Viatura'), 
(18,'Viatura'), 
(19,'Viatura'), 
(20,'Viatura'), 
(21,'Viatura'), 
(22,'Viatura'), 
(23,'Viatura'), 
(24,'Viatura'), 
(25,'Viatura'); 

INSERT INTO patrulha_policial  (id, idpatrulha, idpolicial) VALUES 
(1,1,1), 
(2,1,2), 
(3,1,3), 
(4,1,4), 
(5,2,5), 
(6,2,6), 
(7,2,7), 
(8,2,8), 
(9,3,9), 
(10,3,10), 
(11,3,11), 
(12,3,12), 
(13,4,13), 
(14,4,14), 
(15,4,15), 
(16,4,16), 
(17,5,17), 
(18,5,18), 
(19,5,19), 
(20,5,20), 
(21,6,21), 
(22,6,22), 
(23,6,23), 
(24,6,24), 
(25,7,25), 
(26,7,26), 
(27,7,27), 
(28,7,28), 
(29,8,29), 
(30,8,30), 
(31,8,31), 
(32,8,32), 
(33,9,33), 
(34,9,34), 
(35,9,35), 
(36,9,36), 
(37,10,37), 
(38,10,38), 
(39,10,39), 
(40,10,40), 
(41,11,41), 
(42,11,42), 
(43,11,43), 
(44,11,44), 
(45,12,45), 
(46,12,46), 
(47,12,47), 
(48,12,48), 
(49,13,49), 
(50,13,50), 
(51,13,51), 
(52,13,52), 
(53,14,53), 
(54,14,54), 
(55,14,55), 
(56,14,56), 
(57,15,57), 
(58,15,58), 
(59,15,59), 
(60,15,60), 
(61,16,61), 
(62,16,62), 
(63,16,63), 
(64,16,64), 
(65,17,65), 
(66,17,66), 
(67,17,67), 
(68,17,68), 
(69,18,69), 
(70,18,70), 
(71,18,71), 
(72,18,72), 
(73,19,73), 
(74,19,74), 
(75,19,75), 
(76,19,76), 
(77,20,77), 
(78,20,78), 
(79,20,79), 
(80,20,80), 
(81,21,81), 
(82,21,82), 
(83,21,83), 
(84,21,84), 
(85,22,85), 
(86,22,86), 
(87,22,87), 
(88,22,88), 
(89,23,89), 
(90,23,90), 
(91,23,91), 
(92,23,92), 
(93,24,93), 
(94,24,94), 
(95,24,95), 
(96,24,96), 
(97,25,97), 
(98,25,98), 
(99,25,99), 
(100,25,100); 

INSERT INTO bairro_patrulha(id, idbairro, idpatrulha) VALUES 
(1,103,1), 
(2,127,2), 
(3,180,3), 
(4,5,4), 
(5,47,5), 
(6,32,6), 
(7,39,7), 
(8,41,8), 
(9,51,9), 
(10,53,10), 
(11,104,11), 
(12,116,12), 
(13,20,13), 
(14,28,14), 
(15,181,15), 
(16,120,16), 
(17,74,17), 
(18,132,18), 
(19,98,19), 
(20,191,20), 
(21,199,21), 
(22,201,22), 
(23,188,23), 
(24,215,24), 
(25,229,25); 

INSERT INTO boletim_ocorrencia(id, numero, datahora, idbairro, rua, complemento, cep,descricao, situacao, idadministrativo) VALUES 
(1,'21','2020-12-16 18:06:09.595',231,'Rua dos Limoeiros',' ','78132-255','Roubo ocorrido quando o vítima estava parada no semáforo.Foi levado veículo Hyundai Santa Fe 19/20 de placa FFF-0000','REGISTRADO',2), 
(2,'37','2020-12-16 18:06:09.6',231,'Rua Flor do Cerrado',' ','78132-866','Roubo por volta das 14 horas.Foi subtraído veículo Peugeot 2008 18/19 de placa EEE-0000','REGISTRADO',2), 
(3,'59','2020-12-16 18:06:09.6',176,'Rua das Alpínias',' ','78056-235','Roubo à mão armada quando a vítima saía do veículo.Foi subtraído veículo Peugeot 2008 18/19 de placa EEE-0000','REGISTRADO',2), 
(4,'9','2020-12-16 18:06:09.6',217,'Rua Vinte e Três',' ','78133-514','Relato de roubo ocorrido quando a vítima saía do veículo.Levado veículo Toyota Corolla 16/16 de placa BBB-0000','REGISTRADO',2), 
(5,'81','2020-12-16 18:06:09.6',135,'Rua A',' ','78058-602','Roubo relizado na madrugada de um veículo estacionado na rua.Veículo Volkswagen Amarok 18/18 de placa CCC-0000','REGISTRADO',2), 
(6,'34','2020-12-16 18:06:09.6',188,'Rua Coqueiro',' ','78135-520','Relato de roubo ocorrido por volta das 14 horas.Levado veículo Toyota Corolla 16/16 de placa BBB-0000','REGISTRADO',2), 
(7,'52','2020-12-16 18:06:09.6',221,'Rua Sete',' ','78149-026','Roubo à mão armada quando a vítima saía do veículo.Levado veículo Toyota Corolla 16/16 de placa BBB-0000','REGISTRADO',2), 
(8,'1','2020-12-16 18:06:09.6',226,'Rua das Seriemas',' ','78121-118','Ocorrência de roubo no estacionamento privado.Foi subtraído veículo Toyota Hillux 19/20 de placa AAA-0000','REGISTRADO',2), 
(9,'57','2020-12-16 18:06:09.6',188,'Rua Espírito Santo',' ','78135-204','Ocorrência de roubo por volta das 14 horas.Veículo Volkswagen Amarok 18/18 de placa CCC-0000','REGISTRADO',2), 
(10,'86','2020-12-16 18:06:09.601',189,'Rua Rio São Lourenço',' ','78134-128','Roubo à mão armada na madrugada de um veículo estacionado na rua.Veículo Volkswagen Amarok 18/18 de placa CCC-0000','REGISTRADO',2), 
(11,'56','2020-12-16 18:06:09.601',190,'Rua Francelino José da Silva',' ','78110-847','Roubo ocorrido quando a vítima saía do veículo.Veículo Volkswagen Amarok 18/18 de placa CCC-0000','REGISTRADO',2), 
(12,'89','2020-12-16 18:06:09.601',228,'Rua Papagaio',' ','78144-778','Roubo à mão armada quando a vítima chegava em sua residência.Levado veículo Toyota Corolla 16/16 de placa BBB-0000','REGISTRADO',2), 
(13,'58','2020-12-16 18:06:09.601',24,'Rua Júlio Domingos de Campos',' ','s/n','Relato de roubo ocorrido no estacionamento privado.Foi subtraído veículo Nissan Sentra 19/20 de placa DDD-0000','REGISTRADO',2), 
(14,'79','2020-12-16 18:06:09.601',217,'Rua Quarenta e Três',' ','78133-528','Roubo relizado por volta das 14 horas.Veículo Volkswagen Amarok 18/18 de placa CCC-0000','REGISTRADO',2), 
(15,'72','2020-12-16 18:06:09.601',119,'Rua 9',' ','78094-662','Roubo relizado no estacionamento privado.Foi levado veículo Hyundai Santa Fe 19/20 de placa FFF-0000','REGISTRADO',2), 
(16,'68','2020-12-16 18:06:09.601',200,'Rua do Irã',' ','78140-620','Roubo à mão armada na madrugada de um veículo estacionado na rua.Foi subtraído veículo Toyota Hillux 19/20 de placa AAA-0000','REGISTRADO',2), 
(17,'66','2020-12-16 18:06:09.601',27,'Rua Jacarandá',' ','78080-075','Roubo à mão armada no estacionamento privado.Veículo Volkswagen Amarok 18/18 de placa CCC-0000','REGISTRADO',2), 
(18,'48','2020-12-16 18:06:09.601',180,'Rua Quatrocentos e Dez',' ','78088-420','Roubo ocorrido quando a vítima saía do veículo.Veículo Volkswagen Amarok 18/18 de placa CCC-0000','REGISTRADO',2), 
(19,'14','2020-12-16 18:06:09.601',57,'Rua Quatro',' ','78090-595','Roubo à mão armada no estacionamento privado.Foi subtraído veículo Toyota Hillux 19/20 de placa AAA-0000','REGISTRADO',2), 
(20,'47','2020-12-16 18:06:09.601',241,'Rua Onze',' ','78148-465','Relato de roubo ocorrido por volta das 14 horas.Foi subtraído veículo Peugeot 2008 18/19 de placa EEE-0000','REGISTRADO',2), 
(21,'27','2020-12-16 18:06:09.601',20,'Rua H',' ','78050-348','Roubo à mão armada quando o vítima estava parada no semáforo.Foi levado veículo Hyundai Santa Fe 19/20 de placa FFF-0000','REGISTRADO',2), 
(22,'75','2020-12-16 18:06:09.601',55,'Rua Los Angeles',' ','78070-400','Roubo à mão armada na madrugada de um veículo estacionado na rua.Foi subtraído veículo Toyota Hillux 19/20 de placa AAA-0000','REGISTRADO',2), 
(23,'47','2020-12-16 18:06:09.602',203,'Rua Amoreira (Lot Prq Mangabeiras)',' ','78158-400','Roubo ocorrido na madrugada de um veículo estacionado na rua.Foi levado veículo Hyundai Santa Fe 19/20 de placa FFF-0000','REGISTRADO',2), 
(24,'99','2020-12-16 18:06:09.602',175,'Rua A',' ','78098-250','Roubo relizado quando a vítima saía do veículo.Veículo Volkswagen Amarok 18/18 de placa CCC-0000','REGISTRADO',2), 
(25,'19','2020-12-16 18:06:09.602',126,'Rua Fernando Bazan',' ','78098-019','Roubo ocorrido por volta das 14 horas.Veículo Volkswagen Amarok 18/18 de placa CCC-0000','REGISTRADO',2), 
(26,'74','2020-12-16 18:06:09.602',68,'Rua Mil e Trezentos',' ','78075-760','Roubo por volta das 14 horas.Foi subtraído veículo Peugeot 2008 18/19 de placa EEE-0000','REGISTRADO',2), 
(27,'59','2020-12-16 18:06:09.602',191,'Rua Bahia',' ','78135-624','Roubo à mão armada quando a vítima chegava em sua residência.Foi subtraído veículo Peugeot 2008 18/19 de placa EEE-0000','REGISTRADO',2), 
(28,'79','2020-12-16 18:06:09.602',175,'Rua C',' ','78098-248','Roubo ocorrido quando a vítima chegava em sua residência.Foi subtraído veículo Toyota Hillux 19/20 de placa AAA-0000','REGISTRADO',2), 
(29,'90','2020-12-16 18:06:09.602',123,'Avenida B',' ','78056-842','Roubo ocorrido quando o vítima estava parada no semáforo.Foi subtraído veículo Nissan Sentra 19/20 de placa DDD-0000','REGISTRADO',2), 
(30,'33','2020-12-16 18:06:09.602',24,'Rua Um',' ','s/n','Relato de roubo ocorrido quando a vítima chegava em sua residência.Foi levado veículo Hyundai Santa Fe 19/20 de placa FFF-0000','REGISTRADO',2), 
(31,'29','2020-12-16 18:06:09.602',129,'Rua Dourada',' ','78058-757','Roubo quando o vítima estava parada no semáforo.Foi subtraído veículo Peugeot 2008 18/19 de placa EEE-0000','REGISTRADO',2), 
(32,'33','2020-12-16 18:06:09.602',239,'Rua Mar do Caribe',' ','78150-232','Roubo relizado quando a vítima chegava em sua residência.Foi levado veículo Hyundai Santa Fe 19/20 de placa FFF-0000','REGISTRADO',2), 
(33,'77','2020-12-16 18:06:09.602',103,'Rua Colarinho-do-Brejo',' ','78058-240','Roubo ocorrido quando o vítima estava parada no semáforo.Foi levado veículo Hyundai Santa Fe 19/20 de placa FFF-0000','REGISTRADO',2), 
(34,'55','2020-12-16 18:06:09.602',239,'Avenida Filinto Müller',' ','78150-740','Roubo quando o vítima estava parada no semáforo.Foi subtraído veículo Peugeot 2008 18/19 de placa EEE-0000','REGISTRADO',2), 
(35,'49','2020-12-16 18:06:09.602',168,'Rua Maracanã',' ','78060-470','Relato de roubo ocorrido quando o vítima estava parada no semáforo.Veículo Volkswagen Amarok 18/18 de placa CCC-0000','REGISTRADO',2), 
(36,'80','2020-12-16 18:06:09.602',229,'Rua Benedito Escalante',' ','s/n','Roubo à mão armada quando a vítima chegava em sua residência.Veículo Volkswagen Amarok 18/18 de placa CCC-0000','REGISTRADO',2), 
(37,'57','2020-12-16 18:06:09.602',200,'Rua das Flores',' ','78141-350','Roubo relizado na madrugada de um veículo estacionado na rua.Levado veículo Toyota Corolla 16/16 de placa BBB-0000','REGISTRADO',2), 
(38,'0','2020-12-16 18:06:09.602',203,'Rua Marcelândia',' ','78158-112','Ocorrência de roubo por volta das 14 horas.Levado veículo Toyota Corolla 16/16 de placa BBB-0000','REGISTRADO',2), 
(39,'46','2020-12-16 18:06:09.602',240,'Rua Nossa Senhora Aparecida',' ','78152-074','Ocorrência de roubo por volta das 14 horas.Levado veículo Toyota Corolla 16/16 de placa BBB-0000','REGISTRADO',2), 
(40,'84','2020-12-16 18:06:09.602',71,'Rua Quatro',' ','78098-626','Relato de roubo ocorrido quando o vítima estava parada no semáforo.Foi subtraído veículo Peugeot 2008 18/19 de placa EEE-0000','REGISTRADO',2), 
(41,'82','2020-12-16 18:06:09.602',14,'Rua Dois',' ','78050-532','Roubo relizado na madrugada de um veículo estacionado na rua.Foi subtraído veículo Toyota Hillux 19/20 de placa AAA-0000','REGISTRADO',2), 
(42,'39','2020-12-16 18:06:09.603',171,'Rua Cinco',' ','78093-250','Roubo relizado quando o vítima estava parada no semáforo.Veículo Volkswagen Amarok 18/18 de placa CCC-0000','REGISTRADO',2), 
(43,'16','2020-12-16 18:06:09.603',191,'Rua Assunção (Lot P Real)',' ','78125-750','Roubo no estacionamento privado.Veículo Volkswagen Amarok 18/18 de placa CCC-0000','REGISTRADO',2), 
(44,'82','2020-12-16 18:06:09.603',221,'Rua Tamarindo',' ','78149-530','Roubo quando a vítima chegava em sua residência.Foi levado veículo Hyundai Santa Fe 19/20 de placa FFF-0000','REGISTRADO',2), 
(45,'7','2020-12-16 18:06:09.603',229,'Rua Maria Augusta Generosa Estrela',' ','78116-010','Roubo à mão armada no estacionamento privado.Foi subtraído veículo Nissan Sentra 19/20 de placa DDD-0000','REGISTRADO',2), 
(46,'51','2020-12-16 18:06:09.603',53,'Rua Rio Itiquira',' ','78065-680','Ocorrência de roubo quando a vítima chegava em sua residência.Foi subtraído veículo Peugeot 2008 18/19 de placa EEE-0000','REGISTRADO',2), 
(47,'94','2020-12-16 18:06:09.603',178,'Rua Vinte e Seis',' ','78053-670','Roubo relizado por volta das 14 horas.Levado veículo Toyota Corolla 16/16 de placa BBB-0000','REGISTRADO',2), 
(48,'69','2020-12-16 18:06:09.603',54,'Rua V',' ','78050-243','Roubo ocorrido quando a vítima chegava em sua residência.Foi subtraído veículo Peugeot 2008 18/19 de placa EEE-0000','REGISTRADO',2), 
(49,'79','2020-12-16 18:06:09.603',103,'Rua Periquito Estrela',' ','78058-136','Roubo à mão armada na madrugada de um veículo estacionado na rua.Foi levado veículo Hyundai Santa Fe 19/20 de placa FFF-0000','REGISTRADO',2), 
(50,'24','2020-12-16 18:06:09.603',129,'Rua Paranaguá',' ','78058-815','Roubo ocorrido quando o vítima estava parada no semáforo.Foi subtraído veículo Peugeot 2008 18/19 de placa EEE-0000','REGISTRADO',2), 
(51,'49','2020-12-16 18:06:09.603',225,'Rua H',' ','78145-210','Roubo à mão armada quando a vítima chegava em sua residência.Foi levado veículo Hyundai Santa Fe 19/20 de placa FFF-0000','REGISTRADO',2), 
(52,'61','2020-12-16 18:06:09.603',129,'Rua Paranaguá',' ','78058-815','Roubo quando a vítima saía do veículo.Foi subtraído veículo Toyota Hillux 19/20 de placa AAA-0000','REGISTRADO',2), 
(53,'59','2020-12-16 18:06:09.603',103,'Alameda Dois',' ','78052-502','Roubo à mão armada quando a vítima chegava em sua residência.Levado veículo Toyota Corolla 16/16 de placa BBB-0000','REGISTRADO',2), 
(54,'40','2020-12-16 18:06:09.603',1,'Avenida C',' ','78057-302','Roubo quando o vítima estava parada no semáforo.Foi levado veículo Hyundai Santa Fe 19/20 de placa FFF-0000','REGISTRADO',2), 
(55,'33','2020-12-16 18:06:09.603',58,'Rua das Orquídeas',' ','78043-148','Relato de roubo ocorrido na madrugada de um veículo estacionado na rua.Foi subtraído veículo Peugeot 2008 18/19 de placa EEE-0000','REGISTRADO',2), 
(56,'59','2020-12-16 18:06:09.603',226,'Rua Vicente Ferreira',' ','78120-470','Roubo relizado quando a vítima chegava em sua residência.Foi subtraído veículo Peugeot 2008 18/19 de placa EEE-0000','REGISTRADO',2), 
(57,'87','2020-12-16 18:06:09.604',12,'Avenida Bosque da Saúde',' ','78008-105','Relato de roubo ocorrido quando a vítima saía do veículo.Veículo Volkswagen Amarok 18/18 de placa CCC-0000','REGISTRADO',2), 
(58,'34','2020-12-16 18:06:09.604',221,'Travessa Trinta e Seis',' ','78149-488','Roubo relizado quando a vítima chegava em sua residência.Foi subtraído veículo Nissan Sentra 19/20 de placa DDD-0000','REGISTRADO',2), 
(59,'43','2020-12-16 18:06:09.604',48,'Rua Quatro',' ','78050-444','Roubo ocorrido quando o vítima estava parada no semáforo.Veículo Volkswagen Amarok 18/18 de placa CCC-0000','REGISTRADO',2), 
(60,'40','2020-12-16 18:06:09.604',221,'Rua Seis',' ','78149-298','Ocorrência de roubo quando o vítima estava parada no semáforo.Levado veículo Toyota Corolla 16/16 de placa BBB-0000','REGISTRADO',2), 
(61,'14','2020-12-16 18:06:09.604',216,'Rua São Judas Tadeu',' ','78138-149','Roubo relizado por volta das 14 horas.Foi levado veículo Hyundai Santa Fe 19/20 de placa FFF-0000','REGISTRADO',2), 
(62,'62','2020-12-16 18:06:09.604',81,'Rua Brasília',' ','78065-370','Roubo na madrugada de um veículo estacionado na rua.Veículo Volkswagen Amarok 18/18 de placa CCC-0000','REGISTRADO',2), 
(63,'34','2020-12-16 18:06:09.605',228,'Rua Estado do Tocantins',' ','78144-632','Roubo relizado na madrugada de um veículo estacionado na rua.Foi subtraído veículo Peugeot 2008 18/19 de placa EEE-0000','REGISTRADO',2), 
(64,'43','2020-12-16 18:06:09.605',110,'Rua Goiás',' ','78058-681','Ocorrência de roubo quando o vítima estava parada no semáforo.Levado veículo Toyota Corolla 16/16 de placa BBB-0000','REGISTRADO',2), 
(65,'14','2020-12-16 18:06:09.605',216,'Rua Nhambiquara',' ','78138-542','Ocorrência de roubo quando o vítima estava parada no semáforo.Levado veículo Toyota Corolla 16/16 de placa BBB-0000','REGISTRADO',2), 
(66,'63','2020-12-16 18:06:09.605',127,'Rua Dezessete',' ','78099-085','Roubo relizado na madrugada de um veículo estacionado na rua.Levado veículo Toyota Corolla 16/16 de placa BBB-0000','REGISTRADO',2), 
(67,'37','2020-12-16 18:06:09.605',191,'Rua Pampulha',' ','78125-160','Roubo relizado quando a vítima saía do veículo.Foi subtraído veículo Toyota Hillux 19/20 de placa AAA-0000','REGISTRADO',2), 
(68,'1','2020-12-16 18:06:09.605',215,'Rua Cruzeiro do Sul',' ','78155-353','Roubo ocorrido quando o vítima estava parada no semáforo.Foi subtraído veículo Toyota Hillux 19/20 de placa AAA-0000','REGISTRADO',2), 
(69,'6','2020-12-16 18:06:09.605',55,'Rua M',' ','78070-465','Roubo à mão armada na madrugada de um veículo estacionado na rua.Levado veículo Toyota Corolla 16/16 de placa BBB-0000','REGISTRADO',2), 
(70,'63','2020-12-16 18:06:09.605',77,'Rua Tupy',' ','78090-872','Relato de roubo ocorrido por volta das 14 horas.Foi levado veículo Hyundai Santa Fe 19/20 de placa FFF-0000','REGISTRADO',2), 
(71,'85','2020-12-16 18:06:09.605',226,'Rua dos Falcões',' ','78121-116','Roubo ocorrido quando a vítima saía do veículo.Foi subtraído veículo Toyota Hillux 19/20 de placa AAA-0000','REGISTRADO',2), 
(72,'40','2020-12-16 18:06:09.605',47,'Rua Professor Vitorino Miranda',' ','78015-080','Roubo relizado quando o vítima estava parada no semáforo.Foi subtraído veículo Toyota Hillux 19/20 de placa AAA-0000','REGISTRADO',2), 
(73,'62','2020-12-16 18:06:09.605',23,'Rua Q',' ','78053-809','Roubo relizado quando o vítima estava parada no semáforo.Foi subtraído veículo Nissan Sentra 19/20 de placa DDD-0000','REGISTRADO',2), 
(74,'66','2020-12-16 18:06:09.605',137,'Rua E',' ','78095-594','Roubo ocorrido quando a vítima chegava em sua residência.Veículo Volkswagen Amarok 18/18 de placa CCC-0000','REGISTRADO',2), 
(75,'61','2020-12-16 18:06:09.605',104,'Rua H',' ','78053-108','Roubo quando a vítima saía do veículo.Levado veículo Toyota Corolla 16/16 de placa BBB-0000','REGISTRADO',2), 
(76,'5','2020-12-16 18:06:09.605',229,'Rua Mariano de Campos Maia',' ','78115-140','Ocorrência de roubo quando a vítima saía do veículo.Foi subtraído veículo Peugeot 2008 18/19 de placa EEE-0000','REGISTRADO',2), 
(77,'3','2020-12-16 18:06:09.605',199,'Rua Iris de Siqueira',' ','78118-765','Roubo relizado quando a vítima saía do veículo.Foi subtraído veículo Peugeot 2008 18/19 de placa EEE-0000','REGISTRADO',2), 
(78,'11','2020-12-16 18:06:09.605',26,'Avenida Tenente-Coronel Duarte',' ','78020-450','Roubo relizado quando o vítima estava parada no semáforo.Foi levado veículo Hyundai Santa Fe 19/20 de placa FFF-0000','REGISTRADO',2), 
(79,'97','2020-12-16 18:06:09.605',114,'Rua Teresópolis',' ','78028-415','Roubo relizado quando o vítima estava parada no semáforo.Foi subtraído veículo Nissan Sentra 19/20 de placa DDD-0000','REGISTRADO',2), 
(80,'69','2020-12-16 18:06:09.605',29,'Rua Valença',' ','78028-570','Relato de roubo ocorrido quando o vítima estava parada no semáforo.Foi levado veículo Hyundai Santa Fe 19/20 de placa FFF-0000','REGISTRADO',2), 
(81,'73','2020-12-16 18:06:09.605',198,'Rua Santo André',' ','78128-564','Relato de roubo ocorrido quando o vítima estava parada no semáforo.Foi subtraído veículo Toyota Hillux 19/20 de placa AAA-0000','REGISTRADO',2), 
(82,'36','2020-12-16 18:06:09.605',136,'Avenida São Sebastião',' ','78045-305','Relato de roubo ocorrido quando a vítima saía do veículo.Levado veículo Toyota Corolla 16/16 de placa BBB-0000','REGISTRADO',2), 
(83,'50','2020-12-16 18:06:09.606',203,'Travessa Poxoreu',' ','78158-755','Roubo à mão armada no estacionamento privado.Foi subtraído veículo Nissan Sentra 19/20 de placa DDD-0000','REGISTRADO',2), 
(84,'67','2020-12-16 18:06:09.606',72,'Rua das Aroeiras',' ','78061-318','Ocorrência de roubo quando a vítima chegava em sua residência.Foi levado veículo Hyundai Santa Fe 19/20 de placa FFF-0000','REGISTRADO',2), 
(85,'69','2020-12-16 18:06:09.606',216,'Rua Girassol',' ','78138-222','Ocorrência de roubo quando a vítima chegava em sua residência.Foi subtraído veículo Nissan Sentra 19/20 de placa DDD-0000','REGISTRADO',2), 
(86,'0','2020-12-16 18:06:09.606',121,'Travessa Catalão',' ','78085-440','Roubo relizado no estacionamento privado.Veículo Volkswagen Amarok 18/18 de placa CCC-0000','REGISTRADO',2), 
(87,'87','2020-12-16 18:06:09.606',39,'Rua João Paulo dos Santos',' ','78028-165','Roubo quando o vítima estava parada no semáforo.Levado veículo Toyota Corolla 16/16 de placa BBB-0000','REGISTRADO',2), 
(88,'61','2020-12-16 18:06:09.606',138,'Rua Jaçanã',' ','78074-114','Roubo à mão armada quando a vítima saía do veículo.Foi subtraído veículo Toyota Hillux 19/20 de placa AAA-0000','REGISTRADO',2), 
(89,'45','2020-12-16 18:06:09.606',133,'Rua Paranatinga',' ','78070-550','Roubo por volta das 14 horas.Foi subtraído veículo Nissan Sentra 19/20 de placa DDD-0000','REGISTRADO',2), 
(90,'32','2020-12-16 18:06:09.606',109,'Rua Luiz Gonzaga',' ','78042-585','Roubo à mão armada quando a vítima saía do veículo.Foi subtraído veículo Toyota Hillux 19/20 de placa AAA-0000','REGISTRADO',2), 
(91,'75','2020-12-16 18:06:09.606',137,'Rua Quarenta e Seis',' ','78095-610','Roubo ocorrido por volta das 14 horas.Foi subtraído veículo Nissan Sentra 19/20 de placa DDD-0000','REGISTRADO',2), 
(92,'87','2020-12-16 18:06:09.606',241,'Rua Antônio João',' ','78145-602','Roubo na madrugada de um veículo estacionado na rua.Levado veículo Toyota Corolla 16/16 de placa BBB-0000','REGISTRADO',2), 
(93,'53','2020-12-16 18:06:09.606',183,'Rua da Saudade',' ','78030-250','Roubo no estacionamento privado.Foi subtraído veículo Peugeot 2008 18/19 de placa EEE-0000','REGISTRADO',2), 
(94,'64','2020-12-16 18:06:09.606',135,'Rua R',' ','78056-824','Roubo quando a vítima chegava em sua residência.Veículo Volkswagen Amarok 18/18 de placa CCC-0000','REGISTRADO',2), 
(95,'3','2020-12-16 18:06:09.606',5,'Travessa F',' ','78048-362','Roubo relizado por volta das 14 horas.Foi subtraído veículo Nissan Sentra 19/20 de placa DDD-0000','REGISTRADO',2), 
(96,'74','2020-12-16 18:06:09.606',215,'Rua Dezessete',' ','78142-202','Roubo ocorrido na madrugada de um veículo estacionado na rua.Foi levado veículo Hyundai Santa Fe 19/20 de placa FFF-0000','REGISTRADO',2), 
(97,'95','2020-12-16 18:06:09.606',65,'Rua F-6',' ','78093-450','Roubo à mão armada quando o vítima estava parada no semáforo.Foi subtraído veículo Peugeot 2008 18/19 de placa EEE-0000','REGISTRADO',2), 
(98,'85','2020-12-16 18:06:09.606',82,'Rua Treze',' ','78070-055','Relato de roubo ocorrido por volta das 14 horas.Foi levado veículo Hyundai Santa Fe 19/20 de placa FFF-0000','REGISTRADO',2), 
(99,'45','2020-12-16 18:06:09.606',198,'Rua Tim Maia',' ','78128-262','Relato de roubo ocorrido quando a vítima saía do veículo.Veículo Volkswagen Amarok 18/18 de placa CCC-0000','REGISTRADO',2), 
(100,'52','2020-12-16 18:06:09.606',134,'Rua Parnaíba',' ','78070-474','Ocorrência de roubo quando a vítima saía do veículo.Foi subtraído veículo Peugeot 2008 18/19 de placa EEE-0000','REGISTRADO',2), 
(101,'71','2020-12-16 18:06:09.606',103,'Rua Cento e Vinte e Um',' ','78058-306','Roubo no estacionamento privado.Levado veículo Toyota Corolla 16/16 de placa BBB-0000','REGISTRADO',2), 
(102,'32','2020-12-16 18:06:09.606',183,'Avenida Agrícola Paes de Barros',' ','78030-210','Ocorrência de roubo quando a vítima saía do veículo.Levado veículo Toyota Corolla 16/16 de placa BBB-0000','REGISTRADO',2), 
(103,'60','2020-12-16 18:06:09.606',73,'Rua Peppy San',' ','78094-722','Ocorrência de roubo quando a vítima saía do veículo.Levado veículo Toyota Corolla 16/16 de placa BBB-0000','REGISTRADO',2), 
(104,'70','2020-12-16 18:06:09.607',190,'Rua Miguel Leite',' ','78110-646','Roubo ocorrido na madrugada de um veículo estacionado na rua.Levado veículo Toyota Corolla 16/16 de placa BBB-0000','REGISTRADO',2), 
(105,'39','2020-12-16 18:06:09.607',153,'Rua R-1',' ','78052-855','Relato de roubo ocorrido quando a vítima chegava em sua residência.Veículo Volkswagen Amarok 18/18 de placa CCC-0000','REGISTRADO',2), 
(106,'47','2020-12-16 18:06:09.607',178,'Avenida Brasil',' ','78053-540','Relato de roubo ocorrido por volta das 14 horas.Foi levado veículo Hyundai Santa Fe 19/20 de placa FFF-0000','REGISTRADO',2), 
(107,'77','2020-12-16 18:06:09.607',228,'Rua Lorival de Souza Campos',' ','78144-646','Roubo relizado quando o vítima estava parada no semáforo.Veículo Volkswagen Amarok 18/18 de placa CCC-0000','REGISTRADO',2), 
(108,'3','2020-12-16 18:06:09.607',140,'Avenida C',' ','78096-475','Roubo ocorrido na madrugada de um veículo estacionado na rua.Foi subtraído veículo Nissan Sentra 19/20 de placa DDD-0000','REGISTRADO',2), 
(109,'61','2020-12-16 18:06:09.607',215,'Rua Margarida',' ','78142-510','Roubo à mão armada quando a vítima chegava em sua residência.Foi levado veículo Hyundai Santa Fe 19/20 de placa FFF-0000','REGISTRADO',2), 
(110,'31','2020-12-16 18:06:09.607',72,'Rua dos Cipós',' ','78061-324','Roubo à mão armada na madrugada de um veículo estacionado na rua.Veículo Volkswagen Amarok 18/18 de placa CCC-0000','REGISTRADO',2), 
(111,'50','2020-12-16 18:06:09.607',128,'Rua São Benedito',' ','78065-123','Roubo ocorrido quando a vítima saía do veículo.Foi subtraído veículo Nissan Sentra 19/20 de placa DDD-0000','REGISTRADO',2), 
(112,'13','2020-12-16 18:06:09.607',24,'Rua Quatro',' ','s/n','Ocorrência de roubo quando o vítima estava parada no semáforo.Levado veículo Toyota Corolla 16/16 de placa BBB-0000','REGISTRADO',2), 
(113,'21','2020-12-16 18:06:09.607',221,'Rua Ipê Amarelo',' ','78149-516','Roubo relizado na madrugada de um veículo estacionado na rua.Levado veículo Toyota Corolla 16/16 de placa BBB-0000','REGISTRADO',2), 
(114,'18','2020-12-16 18:06:09.607',132,'Rua Progresso',' ','78025-765','Roubo quando a vítima saía do veículo.Foi levado veículo Hyundai Santa Fe 19/20 de placa FFF-0000','REGISTRADO',2), 
(115,'63','2020-12-16 18:06:09.607',138,'Rua Bico-de-Lacre',' ','78074-012','Roubo ocorrido na madrugada de um veículo estacionado na rua.Foi levado veículo Hyundai Santa Fe 19/20 de placa FFF-0000','REGISTRADO',2), 
(116,'92','2020-12-16 18:06:09.607',47,'Travessa Almerindo Pinto da Silva',' ','78015-033','Relato de roubo ocorrido quando a vítima chegava em sua residência.Veículo Volkswagen Amarok 18/18 de placa CCC-0000','REGISTRADO',2), 
(117,'2','2020-12-16 18:06:09.607',199,'Rua do Imperador',' ','78118-177','Roubo relizado na madrugada de um veículo estacionado na rua.Levado veículo Toyota Corolla 16/16 de placa BBB-0000','REGISTRADO',2), 
(118,'53','2020-12-16 18:06:09.607',191,'Rua Albaneza',' ','78125-779','Roubo à mão armada quando a vítima saía do veículo.Veículo Volkswagen Amarok 18/18 de placa CCC-0000','REGISTRADO',2), 
(119,'73','2020-12-16 18:06:09.607',17,'Rua M',' ','78077-212','Ocorrência de roubo na madrugada de um veículo estacionado na rua.Foi subtraído veículo Peugeot 2008 18/19 de placa EEE-0000','REGISTRADO',2), 
(120,'85','2020-12-16 18:06:09.607',72,'Rua Bolonha',' ','78060-822','Relato de roubo ocorrido na madrugada de um veículo estacionado na rua.Veículo Volkswagen Amarok 18/18 de placa CCC-0000','REGISTRADO',2), 
(121,'81','2020-12-16 18:06:09.607',190,'Rua Emiliano Rodrigues',' ','78110-401','Roubo ocorrido por volta das 14 horas.Veículo Volkswagen Amarok 18/18 de placa CCC-0000','REGISTRADO',2), 
(122,'7','2020-12-16 18:06:09.607',221,'Rua dos Cravos',' ','78149-572','Roubo quando a vítima chegava em sua residência.Veículo Volkswagen Amarok 18/18 de placa CCC-0000','REGISTRADO',2), 
(123,'42','2020-12-16 18:06:09.607',229,'Rua Aziza Baracat',' ','78115-090','Ocorrência de roubo por volta das 14 horas.Foi subtraído veículo Nissan Sentra 19/20 de placa DDD-0000','REGISTRADO',2), 
(124,'79','2020-12-16 18:06:09.607',200,'Rua Arthur Probest',' ','78140-285','Roubo relizado quando a vítima saía do veículo.Foi subtraído veículo Toyota Hillux 19/20 de placa AAA-0000','REGISTRADO',2), 
(125,'17','2020-12-16 18:06:09.607',216,'Rua Capitão Manoel Pinheiro',' ','78138-470','Relato de roubo ocorrido quando o vítima estava parada no semáforo.Foi levado veículo Hyundai Santa Fe 19/20 de placa FFF-0000','REGISTRADO',2), 
(126,'33','2020-12-16 18:06:09.607',198,'Rua Miguel José da Silva',' ','78128-526','Roubo relizado no estacionamento privado.Veículo Volkswagen Amarok 18/18 de placa CCC-0000','REGISTRADO',2), 
(127,'49','2020-12-16 18:06:09.607',231,'Rua Vereador Lurico Ferreira de Magalhães',' ','78132-748','Relato de roubo ocorrido quando o vítima estava parada no semáforo.Foi subtraído veículo Nissan Sentra 19/20 de placa DDD-0000','REGISTRADO',2), 
(128,'87','2020-12-16 18:06:09.608',124,'Rua Doze',' ','78042-803','Roubo quando a vítima chegava em sua residência.Foi levado veículo Hyundai Santa Fe 19/20 de placa FFF-0000','REGISTRADO',2), 
(129,'83','2020-12-16 18:06:09.608',24,'Rua C',' ','78049-005','Relato de roubo ocorrido no estacionamento privado.Foi subtraído veículo Peugeot 2008 18/19 de placa EEE-0000','REGISTRADO',2), 
(130,'5','2020-12-16 18:06:09.608',127,'Rua Sessenta',' ','78099-300','Roubo quando a vítima saía do veículo.Foi subtraído veículo Toyota Hillux 19/20 de placa AAA-0000','REGISTRADO',2), 
(131,'78','2020-12-16 18:06:09.608',198,'Rua São Gonçalo',' ','78128-462','Roubo ocorrido no estacionamento privado.Veículo Volkswagen Amarok 18/18 de placa CCC-0000','REGISTRADO',2), 
(132,'55','2020-12-16 18:06:09.608',199,'Rua das Cerejeiras',' ','78117-370','Roubo no estacionamento privado.Veículo Volkswagen Amarok 18/18 de placa CCC-0000','REGISTRADO',2), 
(133,'81','2020-12-16 18:06:09.608',201,'Rua General Nelson de Mello',' ','78130-400','Roubo relizado por volta das 14 horas.Foi subtraído veículo Peugeot 2008 18/19 de placa EEE-0000','REGISTRADO',2), 
(134,'95','2020-12-16 18:06:09.608',25,'Avenida Marechal Deodoro',' ','78005-100','Roubo por volta das 14 horas.Foi subtraído veículo Peugeot 2008 18/19 de placa EEE-0000','REGISTRADO',2), 
(135,'30','2020-12-16 18:06:09.608',215,'Rua Primavera',' ','78155-140','Roubo à mão armada por volta das 14 horas.Foi subtraído veículo Nissan Sentra 19/20 de placa DDD-0000','REGISTRADO',2), 
(136,'30','2020-12-16 18:06:09.608',221,'Rua das Begônias',' ','78149-562','Roubo relizado no estacionamento privado.Foi levado veículo Hyundai Santa Fe 19/20 de placa FFF-0000','REGISTRADO',2), 
(137,'40','2020-12-16 18:06:09.608',221,'Rua Cajuzinho',' ','78149-346','Roubo ocorrido na madrugada de um veículo estacionado na rua.Foi subtraído veículo Toyota Hillux 19/20 de placa AAA-0000','REGISTRADO',2), 
(138,'1','2020-12-16 18:06:09.608',198,'Rua Antônio Ferreira Gomes',' ','78128-602','Ocorrência de roubo por volta das 14 horas.Foi subtraído veículo Nissan Sentra 19/20 de placa DDD-0000','REGISTRADO',2), 
(139,'72','2020-12-16 18:06:09.608',51,'Rua Almirante Henrique Pinheiro Guedes',' ','78043-306','Ocorrência de roubo na madrugada de um veículo estacionado na rua.Levado veículo Toyota Corolla 16/16 de placa BBB-0000','REGISTRADO',2), 
(140,'89','2020-12-16 18:06:09.608',200,'Rua 1º de Maio',' ','78140-385','Roubo à mão armada no estacionamento privado.Veículo Volkswagen Amarok 18/18 de placa CCC-0000','REGISTRADO',2), 
(141,'85','2020-12-16 18:06:09.608',203,'Rua Dois',' ','78158-280','Roubo na madrugada de um veículo estacionado na rua.Foi subtraído veículo Toyota Hillux 19/20 de placa AAA-0000','REGISTRADO',2), 
(142,'77','2020-12-16 18:06:09.608',203,'Rua Rui Barbosa',' ','78158-205','Roubo quando o vítima estava parada no semáforo.Foi subtraído veículo Peugeot 2008 18/19 de placa EEE-0000','REGISTRADO',2), 
(143,'84','2020-12-16 18:06:09.608',200,'Rua da Justiça',' ','78140-370','Roubo à mão armada por volta das 14 horas.Veículo Volkswagen Amarok 18/18 de placa CCC-0000','REGISTRADO',2), 
(144,'6','2020-12-16 18:06:09.608',186,'Rua Ceará',' ','78110-768','Roubo relizado por volta das 14 horas.Foi subtraído veículo Peugeot 2008 18/19 de placa EEE-0000','REGISTRADO',2), 
(145,'83','2020-12-16 18:06:09.608',97,'Rua Seis',' ','78091-244','Roubo relizado por volta das 14 horas.Foi subtraído veículo Toyota Hillux 19/20 de placa AAA-0000','REGISTRADO',2), 
(146,'82','2020-12-16 18:06:09.608',191,'Rua Aracaju',' ','78135-647','Roubo à mão armada quando a vítima chegava em sua residência.Foi subtraído veículo Toyota Hillux 19/20 de placa AAA-0000','REGISTRADO',2), 
(147,'33','2020-12-16 18:06:09.608',221,'Rua Tamboril',' ','78149-458','Relato de roubo ocorrido quando a vítima chegava em sua residência.Veículo Volkswagen Amarok 18/18 de placa CCC-0000','REGISTRADO',2), 
(148,'15','2020-12-16 18:06:09.608',18,'Rua Mauro Braga',' ','78065-268','Ocorrência de roubo quando o vítima estava parada no semáforo.Foi levado veículo Hyundai Santa Fe 19/20 de placa FFF-0000','REGISTRADO',2), 
(149,'1','2020-12-16 18:06:09.608',217,'Rua Nove',' ','78133-510','Roubo quando a vítima chegava em sua residência.Foi subtraído veículo Toyota Hillux 19/20 de placa AAA-0000','REGISTRADO',2), 
(150,'8','2020-12-16 18:06:09.608',188,'Rua General Camisão',' ','78135-153','Roubo quando a vítima saía do veículo.Foi subtraído veículo Toyota Hillux 19/20 de placa AAA-0000','REGISTRADO',2), 
(151,'80','2020-12-16 18:06:09.609',94,'Rua Projetada 29',' ','78075-594','Roubo quando a vítima saía do veículo.Foi levado veículo Hyundai Santa Fe 19/20 de placa FFF-0000','REGISTRADO',2), 
(152,'27','2020-12-16 18:06:09.609',47,'Avenida Manoel José de Arruda',' ','78015-000','Roubo ocorrido na madrugada de um veículo estacionado na rua.Veículo Volkswagen Amarok 18/18 de placa CCC-0000','REGISTRADO',2), 
(153,'92','2020-12-16 18:06:09.609',95,'Rua Vinte e Dois',' ','78055-785','Roubo ocorrido por volta das 14 horas.Foi subtraído veículo Peugeot 2008 18/19 de placa EEE-0000','REGISTRADO',2), 
(154,'87','2020-12-16 18:06:09.609',5,'Travessa F',' ','78048-362','Roubo à mão armada quando a vítima chegava em sua residência.Levado veículo Toyota Corolla 16/16 de placa BBB-0000','REGISTRADO',2), 
(155,'25','2020-12-16 18:06:09.609',226,'Rua Francisca Edwiges Neves Gonzaga',' ','78120-066','Roubo quando o vítima estava parada no semáforo.Levado veículo Toyota Corolla 16/16 de placa BBB-0000','REGISTRADO',2), 
(156,'60','2020-12-16 18:06:09.609',171,'Rua Trinta e Nove',' ','78093-793','Roubo relizado quando a vítima saía do veículo.Foi subtraído veículo Nissan Sentra 19/20 de placa DDD-0000','REGISTRADO',2), 
(157,'76','2020-12-16 18:06:09.609',216,'Rua das Papoulas',' ','78138-192','Roubo relizado por volta das 14 horas.Foi subtraído veículo Toyota Hillux 19/20 de placa AAA-0000','REGISTRADO',2), 
(158,'16','2020-12-16 18:06:09.609',191,'Rua da Independência',' ','78110-149','Roubo quando a vítima chegava em sua residência.Levado veículo Toyota Corolla 16/16 de placa BBB-0000','REGISTRADO',2), 
(159,'96','2020-12-16 18:06:09.609',68,'Rua Dois Mil e Seiscentos',' ','78075-650','Roubo relizado quando o vítima estava parada no semáforo.Foi subtraído veículo Peugeot 2008 18/19 de placa EEE-0000','REGISTRADO',2), 
(160,'33','2020-12-16 18:06:09.609',109,'Travessa Cazuza',' ','78042-705','Ocorrência de roubo na madrugada de um veículo estacionado na rua.Veículo Volkswagen Amarok 18/18 de placa CCC-0000','REGISTRADO',2), 
(161,'37','2020-12-16 18:06:09.609',221,'Rua Buriti',' ','78149-394','Roubo por volta das 14 horas.Foi levado veículo Hyundai Santa Fe 19/20 de placa FFF-0000','REGISTRADO',2), 
(162,'97','2020-12-16 18:06:09.609',17,'Rua A',' ','78077-204','Relato de roubo ocorrido quando o vítima estava parada no semáforo.Foi levado veículo Hyundai Santa Fe 19/20 de placa FFF-0000','REGISTRADO',2), 
(163,'86','2020-12-16 18:06:09.609',83,'Rua Nova Andradina',' ','78090-130','Relato de roubo ocorrido por volta das 14 horas.Foi subtraído veículo Toyota Hillux 19/20 de placa AAA-0000','REGISTRADO',2), 
(164,'64','2020-12-16 18:06:09.609',203,'Rua Rio Grande do Sul',' ','78158-028','Roubo ocorrido quando a vítima chegava em sua residência.Foi subtraído veículo Nissan Sentra 19/20 de placa DDD-0000','REGISTRADO',2), 
(165,'21','2020-12-16 18:06:09.609',226,'Rua New York',' ','78120-624','Roubo no estacionamento privado.Foi subtraído veículo Nissan Sentra 19/20 de placa DDD-0000','REGISTRADO',2), 
(166,'9','2020-12-16 18:06:09.609',163,'Rua Projetada J',' ','78048-176','Relato de roubo ocorrido quando a vítima saía do veículo.Foi levado veículo Hyundai Santa Fe 19/20 de placa FFF-0000','REGISTRADO',2), 
(167,'64','2020-12-16 18:06:09.609',200,'Rua do Cristão',' ','78141-020','Roubo à mão armada quando a vítima saía do veículo.Foi subtraído veículo Toyota Hillux 19/20 de placa AAA-0000','REGISTRADO',2), 
(168,'97','2020-12-16 18:06:09.609',231,'Rua Bem-Me-Quer',' ','78132-682','Roubo à mão armada por volta das 14 horas.Foi subtraído veículo Toyota Hillux 19/20 de placa AAA-0000','REGISTRADO',2), 
(169,'78','2020-12-16 18:06:09.609',199,'Rua das Tulipas',' ','78117-318','Roubo relizado quando a vítima saía do veículo.Foi levado veículo Hyundai Santa Fe 19/20 de placa FFF-0000','REGISTRADO',2), 
(170,'2','2020-12-16 18:06:09.609',47,'Avenida Dom Bosco',' ','78015-180','Relato de roubo ocorrido na madrugada de um veículo estacionado na rua.Veículo Volkswagen Amarok 18/18 de placa CCC-0000','REGISTRADO',2), 
(171,'65','2020-12-16 18:06:09.609',63,'Rua Bélgica',' ','78065-420','Relato de roubo ocorrido quando a vítima saía do veículo.Foi subtraído veículo Toyota Hillux 19/20 de placa AAA-0000','REGISTRADO',2), 
(172,'48','2020-12-16 18:06:09.609',191,'Beco do Buchudo',' ','78110-071','Relato de roubo ocorrido quando a vítima chegava em sua residência.Veículo Volkswagen Amarok 18/18 de placa CCC-0000','REGISTRADO',2), 
(173,'26','2020-12-16 18:06:09.609',103,'Rua João Mário do Nascimento',' ','78055-554','Relato de roubo ocorrido na madrugada de um veículo estacionado na rua.Levado veículo Toyota Corolla 16/16 de placa BBB-0000','REGISTRADO',2), 
(174,'23','2020-12-16 18:06:09.609',25,'Praça da República',' ','101','Roubo à mão armada por volta das 14 horas.Foi subtraído veículo Toyota Hillux 19/20 de placa AAA-0000','REGISTRADO',2), 
(175,'69','2020-12-16 18:06:09.609',5,'Rua Almerindo de Almeida',' ','78048-550','Roubo quando a vítima chegava em sua residência.Foi subtraído veículo Peugeot 2008 18/19 de placa EEE-0000','REGISTRADO',2), 
(176,'8','2020-12-16 18:06:09.609',193,'Rua dos Governadores (Cohab C Rei)',' ','78120-160','Roubo à mão armada quando a vítima saía do veículo.Foi subtraído veículo Toyota Hillux 19/20 de placa AAA-0000','REGISTRADO',2), 
(177,'8','2020-12-16 18:06:09.609',103,'Rua Sessenta e Sete',' ','78058-470','Roubo ocorrido quando a vítima chegava em sua residência.Foi subtraído veículo Nissan Sentra 19/20 de placa DDD-0000','REGISTRADO',2), 
(178,'20','2020-12-16 18:06:09.609',51,'Rua Tenente Alcides Duarte de Souza',' ','78043-263','Roubo relizado por volta das 14 horas.Foi subtraído veículo Nissan Sentra 19/20 de placa DDD-0000','REGISTRADO',2), 
(179,'85','2020-12-16 18:06:09.609',171,'Rua das Bromélias',' ','78092-016','Roubo no estacionamento privado.Foi subtraído veículo Toyota Hillux 19/20 de placa AAA-0000','REGISTRADO',2), 
(180,'3','2020-12-16 18:06:09.609',163,'Rua Projetada Um',' ','78048-148','Relato de roubo ocorrido quando a vítima saía do veículo.Veículo Volkswagen Amarok 18/18 de placa CCC-0000','REGISTRADO',2), 
(181,'98','2020-12-16 18:06:09.609',15,'Rua Desembargador Cesarino Delfino César',' ','78068-475','Ocorrência de roubo quando a vítima chegava em sua residência.Foi levado veículo Hyundai Santa Fe 19/20 de placa FFF-0000','REGISTRADO',2), 
(182,'79','2020-12-16 18:06:09.61',53,'Rua Rio Piraqui',' ','78065-710','Roubo ocorrido quando o vítima estava parada no semáforo.Foi subtraído veículo Peugeot 2008 18/19 de placa EEE-0000','REGISTRADO',2), 
(183,'6','2020-12-16 18:06:09.61',9,'Travessa Francisco de Siqueira',' ','78010-010','Roubo ocorrido quando o vítima estava parada no semáforo.Foi levado veículo Hyundai Santa Fe 19/20 de placa FFF-0000','REGISTRADO',2), 
(184,'12','2020-12-16 18:06:09.61',203,'Rua das Dálias',' ','78158-426','Ocorrência de roubo quando a vítima saía do veículo.Foi subtraído veículo Peugeot 2008 18/19 de placa EEE-0000','REGISTRADO',2), 
(185,'5','2020-12-16 18:06:09.61',221,'Rua dos Lírios',' ','78149-592','Roubo relizado quando o vítima estava parada no semáforo.Foi levado veículo Hyundai Santa Fe 19/20 de placa FFF-0000','REGISTRADO',2), 
(186,'8','2020-12-16 18:06:09.61',5,'Rua Luis Philippe Pereira Leite',' ','78048-602','Relato de roubo ocorrido quando o vítima estava parada no semáforo.Foi subtraído veículo Peugeot 2008 18/19 de placa EEE-0000','REGISTRADO',2), 
(187,'82','2020-12-16 18:06:09.61',183,'Avenida Agrícola Paes de Barros',' ','78030-210','Roubo ocorrido por volta das 14 horas.Foi subtraído veículo Toyota Hillux 19/20 de placa AAA-0000','REGISTRADO',2), 
(188,'94','2020-12-16 18:06:09.61',127,'Rua Quinze',' ','78099-075','Roubo ocorrido quando o vítima estava parada no semáforo.Foi subtraído veículo Nissan Sentra 19/20 de placa DDD-0000','REGISTRADO',2), 
(189,'84','2020-12-16 18:06:09.61',199,'Rua Presidente Delamare',' ','78118-334','Roubo à mão armada quando a vítima saía do veículo.Foi subtraído veículo Peugeot 2008 18/19 de placa EEE-0000','REGISTRADO',2), 
(190,'24','2020-12-16 18:06:09.61',239,'Rua Coimbra',' ','78150-112','Roubo relizado por volta das 14 horas.Foi subtraído veículo Nissan Sentra 19/20 de placa DDD-0000','REGISTRADO',2), 
(191,'88','2020-12-16 18:06:09.61',127,'Rua Sessenta e Sete',' ','78099-335','Roubo ocorrido quando o vítima estava parada no semáforo.Veículo Volkswagen Amarok 18/18 de placa CCC-0000','REGISTRADO',2), 
(192,'47','2020-12-16 18:06:09.61',180,'Rua Duzentos e Sete',' ','78088-150','Ocorrência de roubo quando a vítima chegava em sua residência.Foi levado veículo Hyundai Santa Fe 19/20 de placa FFF-0000','REGISTRADO',2), 
(193,'31','2020-12-16 18:06:09.61',203,'Rua Doutor Manoel Marques de Oliveira',' ','78158-618','Roubo por volta das 14 horas.Levado veículo Toyota Corolla 16/16 de placa BBB-0000','REGISTRADO',2), 
(194,'45','2020-12-16 18:06:09.61',154,'Rua B-1',' ','78056-344','Roubo relizado quando a vítima saía do veículo.Foi subtraído veículo Nissan Sentra 19/20 de placa DDD-0000','REGISTRADO',2), 
(195,'76','2020-12-16 18:06:09.61',16,'Avenida Historiador Rubens De Mendonça 3355',' ','78050-923','Relato de roubo ocorrido por volta das 14 horas.Foi subtraído veículo Toyota Hillux 19/20 de placa AAA-0000','REGISTRADO',2), 
(196,'25','2020-12-16 18:06:09.61',20,'Rua Domicínio P. Barcelo',' ','78050-298','Ocorrência de roubo quando o vítima estava parada no semáforo.Foi subtraído veículo Nissan Sentra 19/20 de placa DDD-0000','REGISTRADO',2), 
(197,'40','2020-12-16 18:06:09.61',241,'Rua Benedito Godoy França',' ','78148-440','Roubo relizado quando o vítima estava parada no semáforo.Levado veículo Toyota Corolla 16/16 de placa BBB-0000','REGISTRADO',2), 
(198,'18','2020-12-16 18:06:09.61',58,'Rua das Margaridas',' ','78043-108','Roubo relizado quando a vítima chegava em sua residência.Foi levado veículo Hyundai Santa Fe 19/20 de placa FFF-0000','REGISTRADO',2), 
(199,'72','2020-12-16 18:06:09.61',188,'Rua Isaías',' ','78148-802','Ocorrência de roubo por volta das 14 horas.Foi subtraído veículo Peugeot 2008 18/19 de placa EEE-0000','REGISTRADO',2), 
(200,'70','2020-12-16 18:06:09.61',201,'Rua Calógeras',' ','78130-620','Roubo ocorrido por volta das 14 horas.Foi subtraído veículo Nissan Sentra 19/20 de placa DDD-0000','REGISTRADO',2), 
(201,'3','2020-12-16 18:06:09.61',229,'Avenida da FEB',' ','78115-147','Roubo ocorrido quando o vítima estava parada no semáforo.Foi subtraído veículo Toyota Hillux 19/20 de placa AAA-0000','REGISTRADO',2), 
(202,'61','2020-12-16 18:06:09.61',136,'Rua Presidente Nilo Peçanha',' ','78045-080','Relato de roubo ocorrido quando a vítima chegava em sua residência.Levado veículo Toyota Corolla 16/16 de placa BBB-0000','REGISTRADO',2), 
(203,'26','2020-12-16 18:06:09.61',229,'Rua Benedita Bernardina Curvo',' ','78115-115','Roubo quando a vítima saía do veículo.Levado veículo Toyota Corolla 16/16 de placa BBB-0000','REGISTRADO',2), 
(204,'34','2020-12-16 18:06:09.61',103,'Rua Ararinha',' ','78058-124','Roubo relizado quando o vítima estava parada no semáforo.Foi levado veículo Hyundai Santa Fe 19/20 de placa FFF-0000','REGISTRADO',2), 
(205,'45','2020-12-16 18:06:09.61',241,'Rua Maria Gomes de Azevedo',' ','78148-375','Roubo à mão armada no estacionamento privado.Foi subtraído veículo Nissan Sentra 19/20 de placa DDD-0000','REGISTRADO',2), 
(206,'80','2020-12-16 18:06:09.61',223,'Rua F',' ','78155-215','Roubo na madrugada de um veículo estacionado na rua.Foi subtraído veículo Peugeot 2008 18/19 de placa EEE-0000','REGISTRADO',2), 
(207,'27','2020-12-16 18:06:09.61',109,'Rua Antônio Gonçalves',' ','78042-625','Roubo ocorrido por volta das 14 horas.Foi subtraído veículo Peugeot 2008 18/19 de placa EEE-0000','REGISTRADO',2), 
(208,'4','2020-12-16 18:06:09.61',188,'Rua Barnabé',' ','78148-780','Roubo relizado quando a vítima saía do veículo.Veículo Volkswagen Amarok 18/18 de placa CCC-0000','REGISTRADO',2), 
(209,'33','2020-12-16 18:06:09.61',229,'Rua Mariano de Campos Maia',' ','78115-245','Relato de roubo ocorrido quando a vítima chegava em sua residência.Foi subtraído veículo Toyota Hillux 19/20 de placa AAA-0000','REGISTRADO',2), 
(210,'79','2020-12-16 18:06:09.61',73,'Rua Joanita',' ','78094-757','Roubo ocorrido quando o vítima estava parada no semáforo.Foi subtraído veículo Nissan Sentra 19/20 de placa DDD-0000','REGISTRADO',2), 
(211,'83','2020-12-16 18:06:09.61',97,'Travessa L-8',' ','78091-204','Roubo relizado no estacionamento privado.Foi levado veículo Hyundai Santa Fe 19/20 de placa FFF-0000','REGISTRADO',2), 
(212,'72','2020-12-16 18:06:09.61',239,'Rua Petrópolis',' ','78150-744','Roubo à mão armada quando o vítima estava parada no semáforo.Veículo Volkswagen Amarok 18/18 de placa CCC-0000','REGISTRADO',2), 
(213,'43','2020-12-16 18:06:09.611',226,'Rua Padre Ferro',' ','78120-580','Roubo à mão armada quando o vítima estava parada no semáforo.Foi subtraído veículo Nissan Sentra 19/20 de placa DDD-0000','REGISTRADO',2), 
(214,'45','2020-12-16 18:06:09.611',226,'Rua Mário Nadaf',' ','78120-809','Roubo ocorrido na madrugada de um veículo estacionado na rua.Veículo Volkswagen Amarok 18/18 de placa CCC-0000','REGISTRADO',2), 
(215,'62','2020-12-16 18:06:09.611',50,'Rua Universal',' ','78052-238','Roubo relizado quando o vítima estava parada no semáforo.Foi levado veículo Hyundai Santa Fe 19/20 de placa FFF-0000','REGISTRADO',2), 
(216,'18','2020-12-16 18:06:09.611',188,'Rua São Vicente',' ','78135-784','Roubo relizado por volta das 14 horas.Foi subtraído veículo Nissan Sentra 19/20 de placa DDD-0000','REGISTRADO',2), 
(217,'10','2020-12-16 18:06:09.611',199,'Rua Alves de Oliveira',' ','78118-080','Roubo quando a vítima saía do veículo.Foi levado veículo Hyundai Santa Fe 19/20 de placa FFF-0000','REGISTRADO',2), 
(218,'78','2020-12-16 18:06:09.611',29,'Rua Venturosa',' ','78028-710','Roubo no estacionamento privado.Veículo Volkswagen Amarok 18/18 de placa CCC-0000','REGISTRADO',2), 
(219,'7','2020-12-16 18:06:09.611',198,'Avenida Marechal Floriano Peixoto',' ','78128-713','Relato de roubo ocorrido quando o vítima estava parada no semáforo.Veículo Volkswagen Amarok 18/18 de placa CCC-0000','REGISTRADO',2), 
(220,'69','2020-12-16 18:06:09.611',199,'Rua Mirassol',' ','78117-085','Roubo ocorrido na madrugada de um veículo estacionado na rua.Foi subtraído veículo Peugeot 2008 18/19 de placa EEE-0000','REGISTRADO',2), 
(221,'76','2020-12-16 18:06:09.611',221,'Rua Rio Roosevelt',' ','78149-646','Roubo à mão armada por volta das 14 horas.Levado veículo Toyota Corolla 16/16 de placa BBB-0000','REGISTRADO',2), 
(222,'21','2020-12-16 18:06:09.611',55,'Rua K',' ','78070-463','Roubo quando o vítima estava parada no semáforo.Foi subtraído veículo Nissan Sentra 19/20 de placa DDD-0000','REGISTRADO',2), 
(223,'44','2020-12-16 18:06:09.611',110,'Rua Montes Claros',' ','78058-675','Ocorrência de roubo no estacionamento privado.Foi subtraído veículo Toyota Hillux 19/20 de placa AAA-0000','REGISTRADO',2), 
(224,'78','2020-12-16 18:06:09.611',188,'Rua Batovi',' ','78135-445','Roubo no estacionamento privado.Veículo Volkswagen Amarok 18/18 de placa CCC-0000','REGISTRADO',2), 
(225,'77','2020-12-16 18:06:09.611',138,'Rua Águia',' ','78075-380','Roubo ocorrido no estacionamento privado.Foi levado veículo Hyundai Santa Fe 19/20 de placa FFF-0000','REGISTRADO',2), 
(226,'72','2020-12-16 18:06:09.611',221,'Travessa Quarenta e Sete',' ','78149-428','Relato de roubo ocorrido na madrugada de um veículo estacionado na rua.Foi subtraído veículo Peugeot 2008 18/19 de placa EEE-0000','REGISTRADO',2), 
(227,'95','2020-12-16 18:06:09.611',203,'Rua J',' ','78158-440','Ocorrência de roubo quando a vítima saía do veículo.Foi subtraído veículo Toyota Hillux 19/20 de placa AAA-0000','REGISTRADO',2), 
(228,'45','2020-12-16 18:06:09.611',47,'Rua Cônego Pereira Mendes',' ','78015-055','Roubo à mão armada no estacionamento privado.Foi levado veículo Hyundai Santa Fe 19/20 de placa FFF-0000','REGISTRADO',2), 
(229,'94','2020-12-16 18:06:09.611',177,'Rua Um',' ','78051-642','Roubo ocorrido no estacionamento privado.Levado veículo Toyota Corolla 16/16 de placa BBB-0000','REGISTRADO',2), 
(230,'28','2020-12-16 18:06:09.611',240,'Rua Nova Mutum',' ','78152-368','Relato de roubo ocorrido quando a vítima chegava em sua residência.Foi subtraído veículo Nissan Sentra 19/20 de placa DDD-0000','REGISTRADO',2), 
(231,'54','2020-12-16 18:06:09.611',228,'Rua Escolástica Pinheiro da Silva',' ','78144-656','Roubo à mão armada na madrugada de um veículo estacionado na rua.Foi levado veículo Hyundai Santa Fe 19/20 de placa FFF-0000','REGISTRADO',2), 
(232,'31','2020-12-16 18:06:09.611',102,'Rua Treze',' ','78091-334','Roubo ocorrido no estacionamento privado.Veículo Volkswagen Amarok 18/18 de placa CCC-0000','REGISTRADO',2), 
(233,'31','2020-12-16 18:06:09.613',221,'Rua Reino Unido',' ','78149-253','Roubo ocorrido quando a vítima chegava em sua residência.Foi subtraído veículo Toyota Hillux 19/20 de placa AAA-0000','REGISTRADO',2), 
(234,'78','2020-12-16 18:06:09.613',121,'Rua Cabeceiras',' ','78085-410','Ocorrência de roubo na madrugada de um veículo estacionado na rua.Veículo Volkswagen Amarok 18/18 de placa CCC-0000','REGISTRADO',2), 
(235,'80','2020-12-16 18:06:09.613',140,'Rua D',' ','78096-456','Roubo à mão armada na madrugada de um veículo estacionado na rua.Foi subtraído veículo Peugeot 2008 18/19 de placa EEE-0000','REGISTRADO',2), 
(236,'20','2020-12-16 18:06:09.613',171,'Rua Doze',' ','78093-320','Roubo na madrugada de um veículo estacionado na rua.Levado veículo Toyota Corolla 16/16 de placa BBB-0000','REGISTRADO',2), 
(237,'46','2020-12-16 18:06:09.613',176,'Rua das Alpínias',' ','78056-235','Roubo ocorrido quando a vítima chegava em sua residência.Foi subtraído veículo Peugeot 2008 18/19 de placa EEE-0000','REGISTRADO',2), 
(238,'96','2020-12-16 18:06:09.613',203,'Rua Bragança',' ','78158-562','Relato de roubo ocorrido quando a vítima chegava em sua residência.Foi subtraído veículo Nissan Sentra 19/20 de placa DDD-0000','REGISTRADO',2), 
(239,'57','2020-12-16 18:06:09.613',231,'Rua México',' ','78132-144','Roubo relizado quando a vítima saía do veículo.Veículo Volkswagen Amarok 18/18 de placa CCC-0000','REGISTRADO',2), 
(240,'50','2020-12-16 18:06:09.613',221,'Rua Pequi',' ','78149-338','Ocorrência de roubo quando a vítima saía do veículo.Foi subtraído veículo Nissan Sentra 19/20 de placa DDD-0000','REGISTRADO',2), 
(241,'30','2020-12-16 18:06:09.613',130,'Rua Padre Jerônimo Botelho',' ','78015-603','Ocorrência de roubo quando a vítima chegava em sua residência.Foi subtraído veículo Nissan Sentra 19/20 de placa DDD-0000','REGISTRADO',2), 
(242,'45','2020-12-16 18:06:09.613',199,'Rua Argentina',' ','78118-227','Roubo quando a vítima chegava em sua residência.Veículo Volkswagen Amarok 18/18 de placa CCC-0000','REGISTRADO',2), 
(243,'14','2020-12-16 18:06:09.613',28,'Avenida Professor Ranulfo Paes de Barros',' ','78030-407','Roubo relizado quando a vítima chegava em sua residência.Foi levado veículo Hyundai Santa Fe 19/20 de placa FFF-0000','REGISTRADO',2), 
(244,'63','2020-12-16 18:06:09.613',239,'Rua Parentins',' ','78150-592','Ocorrência de roubo quando a vítima saía do veículo.Foi subtraído veículo Toyota Hillux 19/20 de placa AAA-0000','REGISTRADO',2), 
(245,'95','2020-12-16 18:06:09.613',50,'Rua Flamengo',' ','78052-210','Roubo ocorrido quando o vítima estava parada no semáforo.Levado veículo Toyota Corolla 16/16 de placa BBB-0000','REGISTRADO',2), 
(246,'94','2020-12-16 18:06:09.613',36,'Alameda Bocaiúva',' ','78049-526','Roubo no estacionamento privado.Foi subtraído veículo Toyota Hillux 19/20 de placa AAA-0000','REGISTRADO',2), 
(247,'34','2020-12-16 18:06:09.613',221,'Rua Jaca',' ','78149-372','Roubo ocorrido quando o vítima estava parada no semáforo.Foi subtraído veículo Nissan Sentra 19/20 de placa DDD-0000','REGISTRADO',2), 
(248,'17','2020-12-16 18:06:09.613',216,'Rua Parecis',' ','78138-378','Roubo quando a vítima saía do veículo.Foi subtraído veículo Peugeot 2008 18/19 de placa EEE-0000','REGISTRADO',2), 
(249,'8','2020-12-16 18:06:09.613',25,'Travessa Vinte e Um de Abril',' ','78005-080','Roubo relizado quando o vítima estava parada no semáforo.Foi subtraído veículo Peugeot 2008 18/19 de placa EEE-0000','REGISTRADO',2), 
(250,'63','2020-12-16 18:06:09.615',102,'Rua Trinta',' ','78091-344','Roubo relizado quando a vítima chegava em sua residência.Foi subtraído veículo Nissan Sentra 19/20 de placa DDD-0000','REGISTRADO',2), 
(251,'86','2020-12-16 18:06:09.615',47,'Travessa São José Operário',' ','78015-165','Relato de roubo ocorrido no estacionamento privado.Foi subtraído veículo Peugeot 2008 18/19 de placa EEE-0000','REGISTRADO',2), 
(252,'25','2020-12-16 18:06:09.615',6,'Rua Desembargador Trigo de Loureiro',' ','78005-690','Roubo à mão armada quando o vítima estava parada no semáforo.Levado veículo Toyota Corolla 16/16 de placa BBB-0000','REGISTRADO',2), 
(253,'63','2020-12-16 18:06:09.615',14,'Rua A',' ','78050-520','Roubo relizado quando a vítima chegava em sua residência.Foi levado veículo Hyundai Santa Fe 19/20 de placa FFF-0000','REGISTRADO',2), 
(254,'78','2020-12-16 18:06:09.615',199,'Rua Jasmim',' ','78117-316','Roubo à mão armada quando a vítima chegava em sua residência.Foi subtraído veículo Toyota Hillux 19/20 de placa AAA-0000','REGISTRADO',2), 
(255,'46','2020-12-16 18:06:09.615',80,'Rua Quatro',' ','78088-837','Roubo relizado na madrugada de um veículo estacionado na rua.Levado veículo Toyota Corolla 16/16 de placa BBB-0000','REGISTRADO',2), 
(256,'14','2020-12-16 18:06:09.615',201,'Rua Cassildo Cesar da Costa (Lot Jd N Horizonte)',' ','78130-205','Roubo à mão armada quando a vítima saía do veículo.Levado veículo Toyota Corolla 16/16 de placa BBB-0000','REGISTRADO',2), 
(257,'95','2020-12-16 18:06:09.615',228,'Rua Estado de Minas Gerais',' ','78144-556','Roubo à mão armada quando a vítima saía do veículo.Foi subtraído veículo Toyota Hillux 19/20 de placa AAA-0000','REGISTRADO',2), 
(258,'5','2020-12-16 18:06:09.617',51,'Rua Alice Borges Lima Avelino',' ','78043-386','Relato de roubo ocorrido na madrugada de um veículo estacionado na rua.Foi subtraído veículo Peugeot 2008 18/19 de placa EEE-0000','REGISTRADO',2), 
(259,'21','2020-12-16 18:06:09.617',221,'Rua das Margaridas (Res J D Campos)',' ','78156-308','Ocorrência de roubo por volta das 14 horas.Foi subtraído veículo Toyota Hillux 19/20 de placa AAA-0000','REGISTRADO',2), 
(260,'35','2020-12-16 18:06:09.617',48,'Rua Sete',' ','78050-440','Roubo relizado por volta das 14 horas.Foi subtraído veículo Toyota Hillux 19/20 de placa AAA-0000','REGISTRADO',2), 
(261,'41','2020-12-16 18:06:09.618',16,'Rua das Pérolas',' ','78050-090','Relato de roubo ocorrido quando a vítima saía do veículo.Foi subtraído veículo Nissan Sentra 19/20 de placa DDD-0000','REGISTRADO',2), 
(262,'57','2020-12-16 18:06:09.618',132,'Rua Dois',' ','78025-815','Ocorrência de roubo no estacionamento privado.Levado veículo Toyota Corolla 16/16 de placa BBB-0000','REGISTRADO',2), 
(263,'18','2020-12-16 18:06:09.618',46,'Avenida Pedro Paulo de Faria Junior',' ','78098-270','Roubo quando a vítima chegava em sua residência.Foi levado veículo Hyundai Santa Fe 19/20 de placa FFF-0000','REGISTRADO',2), 
(264,'74','2020-12-16 18:06:09.618',41,'Rua F',' ','78085-585','Roubo à mão armada no estacionamento privado.Levado veículo Toyota Corolla 16/16 de placa BBB-0000','REGISTRADO',2), 
(265,'3','2020-12-16 18:06:09.618',17,'Rua Salah Soleimam Ayoub',' ','78077-232','Roubo à mão armada quando o vítima estava parada no semáforo.Foi levado veículo Hyundai Santa Fe 19/20 de placa FFF-0000','REGISTRADO',2), 
(266,'76','2020-12-16 18:06:09.618',221,'Avenida Brasil',' ','78149-070','Roubo à mão armada quando a vítima saía do veículo.Levado veículo Toyota Corolla 16/16 de placa BBB-0000','REGISTRADO',2), 
(267,'2','2020-12-16 18:06:09.618',22,'Rua Severiano Benedito de Almeida',' ','78050-643','Roubo relizado no estacionamento privado.Veículo Volkswagen Amarok 18/18 de placa CCC-0000','REGISTRADO',2), 
(268,'95','2020-12-16 18:06:09.618',141,'Rua Quatro',' ','78056-308','Ocorrência de roubo quando o vítima estava parada no semáforo.Foi subtraído veículo Nissan Sentra 19/20 de placa DDD-0000','REGISTRADO',2), 
(269,'32','2020-12-16 18:06:09.618',116,'Avenida A',' ','78093-693','Ocorrência de roubo no estacionamento privado.Foi subtraído veículo Nissan Sentra 19/20 de placa DDD-0000','REGISTRADO',2), 
(270,'18','2020-12-16 18:06:09.618',129,'Rua da Providência',' ','78058-821','Roubo ocorrido quando a vítima chegava em sua residência.Veículo Volkswagen Amarok 18/18 de placa CCC-0000','REGISTRADO',2), 
(271,'1','2020-12-16 18:06:09.618',200,'Rua da Lima',' ','78140-460','Roubo à mão armada quando a vítima saía do veículo.Veículo Volkswagen Amarok 18/18 de placa CCC-0000','REGISTRADO',2), 
(272,'89','2020-12-16 18:06:09.618',97,'Travessa L-8',' ','78091-204','Roubo à mão armada quando a vítima saía do veículo.Foi subtraído veículo Toyota Hillux 19/20 de placa AAA-0000','REGISTRADO',2), 
(273,'1','2020-12-16 18:06:09.618',147,'Rua Xingu',' ','78090-477','Roubo relizado por volta das 14 horas.Foi subtraído veículo Peugeot 2008 18/19 de placa EEE-0000','REGISTRADO',2), 
(274,'4','2020-12-16 18:06:09.618',85,'Rua Bandeirantes',' ','78061-376','Relato de roubo ocorrido por volta das 14 horas.Foi subtraído veículo Nissan Sentra 19/20 de placa DDD-0000','REGISTRADO',2), 
(275,'11','2020-12-16 18:06:09.618',240,'Rua Aracy de Almeida',' ','78152-124','Roubo à mão armada quando a vítima saía do veículo.Veículo Volkswagen Amarok 18/18 de placa CCC-0000','REGISTRADO',2), 
(276,'78','2020-12-16 18:06:09.618',169,'Rua dos Jasmim',' ','78088-735','Roubo à mão armada quando a vítima saía do veículo.Veículo Volkswagen Amarok 18/18 de placa CCC-0000','REGISTRADO',2), 
(277,'97','2020-12-16 18:06:09.618',180,'Rua Cento e Oito',' ','78088-025','Relato de roubo ocorrido no estacionamento privado.Foi subtraído veículo Peugeot 2008 18/19 de placa EEE-0000','REGISTRADO',2), 
(278,'18','2020-12-16 18:06:09.618',153,'Rua D',' ','78052-808','Roubo à mão armada por volta das 14 horas.Foi levado veículo Hyundai Santa Fe 19/20 de placa FFF-0000','REGISTRADO',2), 
(279,'67','2020-12-16 18:06:09.618',70,'Rua Alvarenga Peixoto',' ','78031-055','Roubo relizado por volta das 14 horas.Levado veículo Toyota Corolla 16/16 de placa BBB-0000','REGISTRADO',2), 
(280,'56','2020-12-16 18:06:09.618',188,'Rua Paracaica',' ','78135-510','Roubo relizado quando o vítima estava parada no semáforo.Foi subtraído veículo Toyota Hillux 19/20 de placa AAA-0000','REGISTRADO',2), 
(281,'66','2020-12-16 18:06:09.618',200,'Rua 26 de Abril',' ','78141-116','Roubo relizado quando a vítima chegava em sua residência.Foi subtraído veículo Nissan Sentra 19/20 de placa DDD-0000','REGISTRADO',2), 
(282,'86','2020-12-16 18:06:09.618',111,'Rua Bom Jardim',' ','78058-741','Relato de roubo ocorrido na madrugada de um veículo estacionado na rua.Foi levado veículo Hyundai Santa Fe 19/20 de placa FFF-0000','REGISTRADO',2), 
(283,'0','2020-12-16 18:06:09.618',188,'Rua Acre',' ','78148-230','Ocorrência de roubo quando o vítima estava parada no semáforo.Foi subtraído veículo Peugeot 2008 18/19 de placa EEE-0000','REGISTRADO',2), 
(284,'2','2020-12-16 18:06:09.618',25,'Praça da República',' ','101','Relato de roubo ocorrido no estacionamento privado.Levado veículo Toyota Corolla 16/16 de placa BBB-0000','REGISTRADO',2), 
(285,'37','2020-12-16 18:06:09.618',215,'Rua Dama da Noite',' ','78143-434','Relato de roubo ocorrido por volta das 14 horas.Foi subtraído veículo Peugeot 2008 18/19 de placa EEE-0000','REGISTRADO',2), 
(286,'87','2020-12-16 18:06:09.618',191,'Rua Nova',' ','78125-730','Ocorrência de roubo quando o vítima estava parada no semáforo.Foi subtraído veículo Nissan Sentra 19/20 de placa DDD-0000','REGISTRADO',2), 
(287,'84','2020-12-16 18:06:09.619',223,'Rua Poconé',' ','78155-255','Roubo relizado na madrugada de um veículo estacionado na rua.Foi subtraído veículo Nissan Sentra 19/20 de placa DDD-0000','REGISTRADO',2), 
(288,'55','2020-12-16 18:06:09.619',183,'Rua Sete de Setembro',' ','78030-290','Relato de roubo ocorrido por volta das 14 horas.Veículo Volkswagen Amarok 18/18 de placa CCC-0000','REGISTRADO',2), 
(289,'49','2020-12-16 18:06:09.619',5,'Rua Rio Claro',' ','78048-270','Roubo ocorrido quando o vítima estava parada no semáforo.Foi subtraído veículo Nissan Sentra 19/20 de placa DDD-0000','REGISTRADO',2), 
(290,'44','2020-12-16 18:06:09.619',108,'Rua Simão da Silva',' ','78098-593','Relato de roubo ocorrido na madrugada de um veículo estacionado na rua.Veículo Volkswagen Amarok 18/18 de placa CCC-0000','REGISTRADO',2), 
(291,'46','2020-12-16 18:06:09.619',132,'Travessa Iguatemi',' ','78025-428','Roubo na madrugada de um veículo estacionado na rua.Foi levado veículo Hyundai Santa Fe 19/20 de placa FFF-0000','REGISTRADO',2), 
(292,'59','2020-12-16 18:06:09.619',125,'Rua Américo Vespúcio',' ','78075-030','Roubo ocorrido quando a vítima chegava em sua residência.Foi levado veículo Hyundai Santa Fe 19/20 de placa FFF-0000','REGISTRADO',2), 
(293,'46','2020-12-16 18:06:09.619',181,'Rua Quinze',' ','78058-541','Roubo relizado na madrugada de um veículo estacionado na rua.Veículo Volkswagen Amarok 18/18 de placa CCC-0000','REGISTRADO',2), 
(294,'21','2020-12-16 18:06:09.619',133,'Rua Pasadena',' ','78070-600','Ocorrência de roubo por volta das 14 horas.Veículo Volkswagen Amarok 18/18 de placa CCC-0000','REGISTRADO',2), 
(295,'38','2020-12-16 18:06:09.619',134,'Rua Paquetá',' ','78070-480','Roubo na madrugada de um veículo estacionado na rua.Foi subtraído veículo Nissan Sentra 19/20 de placa DDD-0000','REGISTRADO',2), 
(296,'29','2020-12-16 18:06:09.619',18,'Rua São Mateus',' ','78065-258','Roubo ocorrido quando a vítima saía do veículo.Foi subtraído veículo Peugeot 2008 18/19 de placa EEE-0000','REGISTRADO',2), 
(297,'78','2020-12-16 18:06:09.619',203,'Rua Ernani Pereira Lopes',' ','78158-200','Ocorrência de roubo quando a vítima saía do veículo.Foi subtraído veículo Toyota Hillux 19/20 de placa AAA-0000','REGISTRADO',2), 
(298,'92','2020-12-16 18:06:09.619',17,'Rua Q',' ','78077-230','Roubo ocorrido quando a vítima saía do veículo.Foi subtraído veículo Peugeot 2008 18/19 de placa EEE-0000','REGISTRADO',2), 
(299,'18','2020-12-16 18:06:09.619',221,'Avenida dos Bandeirantes',' ','78149-610','Relato de roubo ocorrido no estacionamento privado.Foi subtraído veículo Peugeot 2008 18/19 de placa EEE-0000','REGISTRADO',2), 
(300,'84','2020-12-16 18:06:09.619',15,'Rua Doutor Luis Felipe Sabóia Ribeiro',' ','78068-405','Relato de roubo ocorrido no estacionamento privado.Foi subtraído veículo Toyota Hillux 19/20 de placa AAA-0000','REGISTRADO',2); 

INSERT INTO vitima(id, caracteristicas, idpessoa, idboletimocorrencia) VALUES 
(1,'Pessoa de pele de cor negra, trajando camiseta verde e bermuda verde',151,1), 
(2,'Pessoa de pele de cor negra, trajando camiseta de cor branca e calça de cor vermelha',152,2), 
(3,'Indivíduo de pele de cor branca, trajando camisa de cor vermelha e bermuda verde',153,3), 
(4,'Pessoa de pele de cor negra, usando camiseta de cor vermelha e bermuda de cor preta',154,4), 
(5,'Indivíduo de pele de cor parda, trajando camiseta de cor vermelha e bermuda verde',155,5), 
(6,'Indivíduo de pele de cor negra, usando camiseta de cor amarela e calça verde',156,6), 
(7,'Indivíduo de pele de cor negra, vestindo camiseta de cor vermelha e calça azul',157,7), 
(8,'Indivíduo de pele de cor branca, trajando casaco de cor branca e bermuda azul',158,8), 
(9,'Pessoa de pele de cor negra, vestindo camiseta de cor vermelha e calça verde',159,9), 
(10,'Indivíduo de pele de cor parda, usando camiseta de cor branca e bermuda de cor preta',160,10), 
(11,'Pessoa de pele de cor negra, usando camisa azul e bermuda de cor branca',161,11), 
(12,'Indivíduo de pele de cor negra, trajando camiseta de cor branca e calça de cor vermelha',162,12), 
(13,'Indivíduo de pele de cor parda, trajando camisa de cor vermelha e bermuda de cor amarela',163,13), 
(14,'Pessoa de pele de cor branca, vestindo camiseta de cor amarela e bermuda azul',164,14), 
(15,'Indivíduo de pele de cor branca, trajando casaco de cor branca e bermuda de cor amarela',165,15), 
(16,'Indivíduo de pele de cor branca, usando camiseta de cor preta e calça de cor preta',166,16), 
(17,'Pessoa de pele de cor branca, trajando casaco verde e bermuda de cor branca',167,17), 
(18,'Pessoa de pele de cor parda, vestindo camiseta verde e bermuda de cor branca',168,18), 
(19,'Pessoa de pele de cor parda, trajando camisa de cor amarela e bermuda de cor amarela',169,19), 
(20,'Pessoa de pele de cor negra, usando camisa de cor branca e calça verde',170,20), 
(21,'Pessoa de pele de cor branca, trajando camisa azul e calça de cor branca',171,21), 
(22,'Pessoa de pele de cor negra, usando camiseta de cor amarela e calça de cor vermelha',172,22), 
(23,'Indivíduo de pele de cor negra, vestindo camiseta verde e calça de cor branca',173,23), 
(24,'Indivíduo de pele de cor branca, trajando camiseta de cor branca e bermuda azul',174,24), 
(25,'Indivíduo de pele de cor branca, trajando casaco verde e calça de cor vermelha',175,25), 
(26,'Pessoa de pele de cor negra, trajando camisa de cor amarela e bermuda de cor preta',176,26), 
(27,'Indivíduo de pele de cor branca, trajando camiseta de cor preta e bermuda azul',177,27), 
(28,'Pessoa de pele de cor negra, trajando camisa de cor amarela e calça de cor branca',178,28), 
(29,'Indivíduo de pele de cor branca, vestindo camiseta de cor branca e bermuda de cor preta',179,29), 
(30,'Pessoa de pele de cor parda, vestindo camiseta de cor amarela e calça de cor vermelha',180,30), 
(31,'Indivíduo de pele de cor branca, trajando camiseta de cor preta e bermuda verde',181,31), 
(32,'Indivíduo de pele de cor branca, trajando camiseta de cor preta e calça verde',182,32), 
(33,'Indivíduo de pele de cor parda, trajando camiseta de cor branca e bermuda de cor amarela',183,33), 
(34,'Pessoa de pele de cor parda, usando camiseta de cor amarela e bermuda azul',184,34), 
(35,'Pessoa de pele de cor negra, trajando camisa de cor branca e calça de cor vermelha',185,35), 
(36,'Indivíduo de pele de cor negra, trajando camisa azul e bermuda de cor vermelha',186,36), 
(37,'Pessoa de pele de cor branca, trajando camiseta azul e calça de cor branca',187,37), 
(38,'Indivíduo de pele de cor branca, trajando camisa azul e calça verde',188,38), 
(39,'Pessoa de pele de cor branca, trajando casaco de cor branca e bermuda verde',189,39), 
(40,'Pessoa de pele de cor branca, trajando camiseta de cor preta e bermuda de cor branca',190,40), 
(41,'Indivíduo de pele de cor branca, trajando casaco azul e bermuda de cor vermelha',191,41), 
(42,'Pessoa de pele de cor parda, trajando camiseta de cor branca e bermuda de cor branca',192,42), 
(43,'Pessoa de pele de cor negra, vestindo camiseta de cor vermelha e bermuda azul',193,43), 
(44,'Indivíduo de pele de cor parda, vestindo camiseta verde e bermuda de cor amarela',194,44), 
(45,'Indivíduo de pele de cor branca, vestindo camiseta de cor branca e bermuda de cor vermelha',195,45), 
(46,'Indivíduo de pele de cor negra, usando camiseta azul e bermuda de cor branca',196,46), 
(47,'Indivíduo de pele de cor negra, trajando camisa de cor preta e bermuda de cor vermelha',197,47), 
(48,'Indivíduo de pele de cor parda, usando camiseta azul e calça de cor preta',198,48), 
(49,'Pessoa de pele de cor negra, vestindo camiseta de cor vermelha e calça de cor branca',199,49), 
(50,'Pessoa de pele de cor branca, vestindo camiseta verde e calça verde',200,50), 
(51,'Indivíduo de pele de cor negra, usando camiseta de cor amarela e bermuda de cor vermelha',201,51), 
(52,'Pessoa de pele de cor parda, vestindo camiseta azul e bermuda de cor amarela',202,52), 
(53,'Pessoa de pele de cor branca, trajando camiseta de cor vermelha e calça verde',203,53), 
(54,'Pessoa de pele de cor negra, trajando camisa de cor preta e calça de cor amarela',204,54), 
(55,'Indivíduo de pele de cor negra, trajando camisa de cor preta e bermuda de cor branca',205,55), 
(56,'Indivíduo de pele de cor branca, trajando camisa de cor preta e bermuda verde',206,56), 
(57,'Pessoa de pele de cor parda, usando camisa azul e calça verde',207,57), 
(58,'Pessoa de pele de cor negra, trajando casaco azul e calça de cor amarela',208,58), 
(59,'Indivíduo de pele de cor branca, trajando camisa de cor branca e calça azul',209,59), 
(60,'Indivíduo de pele de cor negra, usando camiseta de cor branca e calça verde',210,60), 
(61,'Pessoa de pele de cor negra, trajando camisa de cor branca e calça verde',211,61), 
(62,'Pessoa de pele de cor parda, trajando casaco verde e calça de cor branca',212,62), 
(63,'Indivíduo de pele de cor parda, vestindo camiseta de cor preta e bermuda de cor vermelha',213,63), 
(64,'Pessoa de pele de cor parda, trajando camisa de cor preta e bermuda azul',214,64), 
(65,'Indivíduo de pele de cor negra, usando camiseta de cor amarela e bermuda de cor amarela',215,65), 
(66,'Pessoa de pele de cor parda, usando camisa de cor amarela e bermuda de cor preta',216,66), 
(67,'Pessoa de pele de cor negra, trajando camiseta de cor preta e calça de cor amarela',217,67), 
(68,'Indivíduo de pele de cor negra, vestindo camiseta azul e calça de cor vermelha',218,68), 
(69,'Indivíduo de pele de cor parda, usando camisa de cor branca e calça de cor vermelha',219,69), 
(70,'Pessoa de pele de cor branca, trajando casaco de cor vermelha e calça de cor amarela',220,70), 
(71,'Pessoa de pele de cor parda, trajando camiseta verde e bermuda azul',221,71), 
(72,'Pessoa de pele de cor negra, trajando camiseta de cor branca e bermuda de cor amarela',222,72), 
(73,'Pessoa de pele de cor branca, trajando camisa de cor amarela e calça azul',223,73), 
(74,'Indivíduo de pele de cor negra, usando camisa verde e calça de cor vermelha',224,74), 
(75,'Pessoa de pele de cor negra, usando camiseta de cor amarela e calça de cor branca',225,75), 
(76,'Pessoa de pele de cor parda, usando camiseta de cor amarela e bermuda de cor preta',226,76), 
(77,'Indivíduo de pele de cor negra, trajando camiseta de cor amarela e bermuda de cor branca',227,77), 
(78,'Pessoa de pele de cor parda, trajando camisa de cor vermelha e calça de cor amarela',228,78), 
(79,'Pessoa de pele de cor negra, trajando camisa azul e calça de cor amarela',229,79), 
(80,'Indivíduo de pele de cor branca, trajando casaco de cor preta e bermuda verde',230,80), 
(81,'Indivíduo de pele de cor negra, usando camiseta de cor branca e bermuda verde',231,81), 
(82,'Indivíduo de pele de cor negra, trajando camiseta de cor preta e bermuda de cor amarela',232,82), 
(83,'Pessoa de pele de cor negra, trajando camiseta de cor vermelha e bermuda de cor branca',233,83), 
(84,'Indivíduo de pele de cor negra, vestindo camiseta de cor vermelha e bermuda verde',234,84), 
(85,'Indivíduo de pele de cor branca, vestindo camiseta de cor branca e bermuda de cor preta',235,85), 
(86,'Indivíduo de pele de cor parda, usando camiseta de cor vermelha e calça verde',236,86), 
(87,'Indivíduo de pele de cor parda, trajando camiseta de cor vermelha e bermuda de cor vermelha',237,87), 
(88,'Indivíduo de pele de cor parda, vestindo camiseta verde e calça de cor vermelha',238,88), 
(89,'Pessoa de pele de cor negra, trajando casaco azul e calça azul',239,89), 
(90,'Indivíduo de pele de cor negra, trajando casaco de cor branca e bermuda de cor branca',240,90), 
(91,'Indivíduo de pele de cor parda, trajando camiseta de cor branca e calça de cor branca',241,91), 
(92,'Indivíduo de pele de cor branca, trajando casaco de cor preta e calça azul',242,92), 
(93,'Indivíduo de pele de cor negra, vestindo camiseta de cor vermelha e calça de cor preta',243,93), 
(94,'Indivíduo de pele de cor parda, usando camisa azul e calça de cor vermelha',244,94), 
(95,'Pessoa de pele de cor parda, trajando camisa verde e bermuda de cor branca',245,95), 
(96,'Pessoa de pele de cor branca, vestindo camiseta de cor preta e calça de cor branca',246,96), 
(97,'Pessoa de pele de cor branca, trajando casaco verde e bermuda azul',247,97), 
(98,'Indivíduo de pele de cor parda, usando camiseta azul e bermuda de cor vermelha',248,98), 
(99,'Pessoa de pele de cor negra, vestindo camiseta de cor preta e calça verde',249,99), 
(100,'Pessoa de pele de cor parda, usando camiseta azul e calça de cor branca',250,100), 
(101,'Indivíduo de pele de cor negra, trajando camisa de cor branca e calça verde',251,101), 
(102,'Indivíduo de pele de cor negra, trajando camiseta verde e calça de cor amarela',252,102), 
(103,'Pessoa de pele de cor parda, trajando camiseta verde e calça de cor branca',253,103), 
(104,'Indivíduo de pele de cor parda, trajando camiseta de cor amarela e bermuda de cor branca',254,104), 
(105,'Indivíduo de pele de cor parda, vestindo camiseta verde e calça de cor amarela',255,105), 
(106,'Indivíduo de pele de cor branca, trajando camisa azul e bermuda azul',256,106), 
(107,'Indivíduo de pele de cor negra, vestindo camiseta de cor preta e calça de cor branca',257,107), 
(108,'Pessoa de pele de cor branca, trajando camisa de cor preta e calça de cor vermelha',258,108), 
(109,'Pessoa de pele de cor parda, trajando casaco azul e bermuda de cor amarela',259,109), 
(110,'Pessoa de pele de cor parda, trajando casaco de cor amarela e calça de cor vermelha',260,110), 
(111,'Pessoa de pele de cor parda, trajando camiseta de cor preta e bermuda azul',261,111), 
(112,'Indivíduo de pele de cor parda, usando camisa de cor amarela e bermuda de cor vermelha',262,112), 
(113,'Indivíduo de pele de cor parda, vestindo camiseta verde e calça de cor preta',263,113), 
(114,'Indivíduo de pele de cor branca, usando camiseta azul e bermuda de cor branca',264,114), 
(115,'Indivíduo de pele de cor branca, trajando camiseta azul e calça de cor branca',265,115), 
(116,'Indivíduo de pele de cor parda, trajando casaco de cor branca e bermuda de cor vermelha',266,116), 
(117,'Pessoa de pele de cor parda, usando camisa azul e calça de cor branca',267,117), 
(118,'Pessoa de pele de cor branca, trajando camiseta verde e bermuda de cor branca',268,118), 
(119,'Indivíduo de pele de cor branca, usando camisa de cor vermelha e calça de cor branca',269,119), 
(120,'Pessoa de pele de cor negra, usando camiseta verde e calça verde',270,120), 
(121,'Indivíduo de pele de cor parda, usando camiseta de cor amarela e calça de cor vermelha',271,121), 
(122,'Pessoa de pele de cor negra, trajando casaco de cor vermelha e bermuda de cor amarela',272,122), 
(123,'Indivíduo de pele de cor negra, trajando camiseta verde e bermuda de cor preta',273,123), 
(124,'Pessoa de pele de cor parda, trajando camiseta de cor preta e calça de cor vermelha',274,124), 
(125,'Pessoa de pele de cor parda, trajando casaco de cor preta e bermuda de cor vermelha',275,125), 
(126,'Pessoa de pele de cor negra, trajando camisa verde e bermuda verde',276,126), 
(127,'Pessoa de pele de cor parda, usando camiseta verde e bermuda de cor amarela',277,127), 
(128,'Indivíduo de pele de cor negra, trajando camisa de cor vermelha e bermuda de cor preta',278,128), 
(129,'Pessoa de pele de cor negra, usando camisa verde e bermuda de cor amarela',279,129), 
(130,'Pessoa de pele de cor branca, trajando camisa de cor branca e bermuda de cor vermelha',280,130), 
(131,'Indivíduo de pele de cor negra, usando camisa azul e bermuda de cor amarela',281,131), 
(132,'Indivíduo de pele de cor branca, vestindo camiseta azul e calça de cor branca',282,132), 
(133,'Pessoa de pele de cor negra, trajando camisa de cor preta e calça de cor vermelha',283,133), 
(134,'Pessoa de pele de cor negra, trajando camisa verde e calça de cor vermelha',284,134), 
(135,'Indivíduo de pele de cor negra, usando camisa de cor vermelha e bermuda verde',285,135), 
(136,'Indivíduo de pele de cor branca, vestindo camiseta azul e bermuda de cor vermelha',286,136), 
(137,'Indivíduo de pele de cor negra, trajando camisa azul e calça verde',287,137), 
(138,'Indivíduo de pele de cor branca, vestindo camiseta de cor branca e calça de cor preta',288,138), 
(139,'Pessoa de pele de cor negra, trajando casaco de cor preta e bermuda de cor preta',289,139), 
(140,'Indivíduo de pele de cor negra, vestindo camiseta de cor vermelha e calça de cor amarela',290,140), 
(141,'Pessoa de pele de cor negra, usando camiseta de cor vermelha e calça azul',291,141), 
(142,'Pessoa de pele de cor branca, trajando casaco azul e bermuda de cor preta',292,142), 
(143,'Pessoa de pele de cor negra, trajando camisa azul e calça de cor preta',293,143), 
(144,'Pessoa de pele de cor negra, vestindo camiseta de cor amarela e bermuda de cor amarela',294,144), 
(145,'Pessoa de pele de cor parda, vestindo camiseta de cor amarela e bermuda de cor amarela',295,145), 
(146,'Indivíduo de pele de cor negra, trajando camiseta azul e calça de cor amarela',296,146), 
(147,'Pessoa de pele de cor parda, usando camiseta de cor amarela e bermuda de cor vermelha',297,147), 
(148,'Pessoa de pele de cor negra, usando camiseta de cor amarela e calça de cor preta',298,148), 
(149,'Indivíduo de pele de cor negra, usando camisa de cor amarela e bermuda de cor branca',299,149), 
(150,'Pessoa de pele de cor parda, trajando camisa azul e calça de cor vermelha',300,150), 
(151,'Pessoa de pele de cor negra, trajando casaco de cor preta e calça de cor vermelha',301,151), 
(152,'Indivíduo de pele de cor branca, usando camiseta de cor branca e bermuda azul',302,152), 
(153,'Indivíduo de pele de cor parda, trajando camiseta de cor branca e bermuda azul',303,153), 
(154,'Pessoa de pele de cor branca, vestindo camiseta de cor vermelha e calça de cor preta',304,154), 
(155,'Pessoa de pele de cor negra, trajando camisa verde e bermuda de cor vermelha',305,155), 
(156,'Pessoa de pele de cor branca, usando camiseta de cor preta e calça azul',306,156), 
(157,'Pessoa de pele de cor branca, trajando casaco verde e bermuda de cor vermelha',307,157), 
(158,'Indivíduo de pele de cor parda, usando camisa de cor amarela e bermuda verde',308,158), 
(159,'Indivíduo de pele de cor negra, trajando camisa azul e bermuda de cor preta',309,159), 
(160,'Pessoa de pele de cor parda, trajando casaco de cor vermelha e calça de cor amarela',310,160), 
(161,'Pessoa de pele de cor parda, usando camisa azul e calça de cor vermelha',311,161), 
(162,'Pessoa de pele de cor branca, trajando casaco azul e calça azul',312,162), 
(163,'Pessoa de pele de cor parda, trajando camiseta de cor amarela e bermuda de cor amarela',313,163), 
(164,'Indivíduo de pele de cor branca, trajando casaco verde e calça azul',314,164), 
(165,'Indivíduo de pele de cor branca, usando camisa de cor preta e calça azul',315,165), 
(166,'Pessoa de pele de cor parda, usando camisa verde e bermuda de cor preta',316,166), 
(167,'Pessoa de pele de cor parda, trajando camiseta verde e calça de cor branca',317,167), 
(168,'Pessoa de pele de cor parda, trajando camiseta de cor amarela e bermuda de cor vermelha',318,168), 
(169,'Pessoa de pele de cor negra, vestindo camiseta verde e bermuda de cor amarela',319,169), 
(170,'Pessoa de pele de cor negra, trajando casaco azul e bermuda de cor vermelha',320,170), 
(171,'Pessoa de pele de cor negra, usando camisa de cor preta e calça azul',321,171), 
(172,'Pessoa de pele de cor negra, trajando casaco azul e calça de cor branca',322,172), 
(173,'Indivíduo de pele de cor parda, trajando camisa verde e calça de cor preta',323,173), 
(174,'Pessoa de pele de cor negra, usando camiseta de cor preta e calça de cor vermelha',324,174), 
(175,'Indivíduo de pele de cor parda, trajando camisa de cor preta e calça de cor branca',325,175), 
(176,'Indivíduo de pele de cor negra, trajando camiseta azul e bermuda de cor branca',326,176), 
(177,'Indivíduo de pele de cor parda, trajando camiseta de cor branca e calça de cor amarela',327,177), 
(178,'Pessoa de pele de cor branca, vestindo camiseta de cor preta e calça de cor amarela',328,178), 
(179,'Pessoa de pele de cor parda, trajando camiseta verde e calça azul',329,179), 
(180,'Pessoa de pele de cor negra, usando camiseta de cor branca e bermuda azul',330,180), 
(181,'Indivíduo de pele de cor parda, usando camisa de cor vermelha e bermuda verde',331,181), 
(182,'Indivíduo de pele de cor negra, trajando casaco de cor amarela e calça azul',332,182), 
(183,'Pessoa de pele de cor negra, trajando camisa verde e bermuda azul',333,183), 
(184,'Pessoa de pele de cor negra, trajando camiseta de cor branca e bermuda azul',334,184), 
(185,'Indivíduo de pele de cor parda, vestindo camiseta verde e bermuda de cor vermelha',335,185), 
(186,'Indivíduo de pele de cor negra, trajando casaco de cor amarela e bermuda verde',336,186), 
(187,'Indivíduo de pele de cor branca, usando camiseta de cor amarela e bermuda de cor preta',337,187), 
(188,'Indivíduo de pele de cor negra, trajando camiseta de cor preta e bermuda de cor amarela',338,188), 
(189,'Indivíduo de pele de cor parda, usando camisa de cor branca e calça verde',339,189), 
(190,'Indivíduo de pele de cor branca, trajando camisa de cor preta e calça de cor amarela',340,190), 
(191,'Pessoa de pele de cor negra, usando camiseta azul e bermuda verde',341,191), 
(192,'Indivíduo de pele de cor branca, trajando camisa de cor amarela e bermuda de cor preta',342,192), 
(193,'Indivíduo de pele de cor branca, vestindo camiseta de cor amarela e bermuda de cor vermelha',343,193), 
(194,'Pessoa de pele de cor parda, trajando camiseta de cor amarela e bermuda de cor branca',344,194), 
(195,'Pessoa de pele de cor parda, usando camisa de cor vermelha e bermuda verde',345,195), 
(196,'Pessoa de pele de cor negra, trajando camisa de cor amarela e calça de cor vermelha',346,196), 
(197,'Indivíduo de pele de cor branca, trajando casaco verde e calça verde',347,197), 
(198,'Pessoa de pele de cor negra, usando camiseta de cor vermelha e bermuda de cor vermelha',348,198), 
(199,'Indivíduo de pele de cor parda, usando camiseta de cor branca e calça de cor amarela',349,199), 
(200,'Pessoa de pele de cor parda, trajando camisa de cor vermelha e bermuda de cor preta',350,200), 
(201,'Indivíduo de pele de cor negra, trajando camisa azul e calça de cor vermelha',351,201), 
(202,'Pessoa de pele de cor branca, trajando camisa de cor vermelha e calça de cor vermelha',352,202), 
(203,'Pessoa de pele de cor parda, trajando casaco verde e bermuda de cor amarela',353,203), 
(204,'Pessoa de pele de cor parda, trajando camiseta verde e calça de cor vermelha',354,204), 
(205,'Pessoa de pele de cor branca, vestindo camiseta de cor branca e calça de cor branca',355,205), 
(206,'Pessoa de pele de cor branca, usando camiseta de cor amarela e calça azul',356,206), 
(207,'Pessoa de pele de cor negra, usando camiseta de cor branca e bermuda de cor vermelha',357,207), 
(208,'Pessoa de pele de cor branca, usando camiseta azul e calça azul',358,208), 
(209,'Pessoa de pele de cor branca, vestindo camiseta de cor vermelha e bermuda de cor amarela',359,209), 
(210,'Indivíduo de pele de cor branca, trajando camiseta de cor branca e bermuda de cor preta',360,210), 
(211,'Pessoa de pele de cor negra, trajando camiseta azul e calça de cor amarela',361,211), 
(212,'Indivíduo de pele de cor negra, trajando camiseta azul e calça de cor preta',362,212), 
(213,'Pessoa de pele de cor parda, trajando camiseta azul e bermuda de cor branca',363,213), 
(214,'Indivíduo de pele de cor branca, vestindo camiseta verde e calça de cor branca',364,214), 
(215,'Indivíduo de pele de cor branca, trajando camiseta de cor amarela e bermuda de cor amarela',365,215), 
(216,'Indivíduo de pele de cor branca, trajando casaco de cor vermelha e calça azul',366,216), 
(217,'Pessoa de pele de cor branca, usando camisa verde e calça de cor vermelha',367,217), 
(218,'Indivíduo de pele de cor negra, vestindo camiseta de cor amarela e bermuda verde',368,218), 
(219,'Pessoa de pele de cor branca, usando camisa verde e bermuda de cor amarela',369,219), 
(220,'Indivíduo de pele de cor negra, trajando camiseta de cor amarela e bermuda de cor branca',370,220), 
(221,'Indivíduo de pele de cor branca, trajando camiseta de cor vermelha e calça de cor amarela',371,221), 
(222,'Indivíduo de pele de cor negra, trajando camiseta de cor vermelha e calça de cor vermelha',372,222), 
(223,'Pessoa de pele de cor parda, usando camiseta azul e calça de cor amarela',373,223), 
(224,'Pessoa de pele de cor parda, vestindo camiseta de cor vermelha e calça azul',374,224), 
(225,'Pessoa de pele de cor branca, usando camiseta de cor preta e calça de cor branca',375,225), 
(226,'Indivíduo de pele de cor parda, trajando camisa verde e calça de cor vermelha',376,226), 
(227,'Indivíduo de pele de cor branca, trajando camiseta verde e bermuda azul',377,227), 
(228,'Indivíduo de pele de cor negra, trajando camiseta azul e calça verde',378,228), 
(229,'Indivíduo de pele de cor parda, trajando camisa de cor amarela e bermuda de cor vermelha',379,229), 
(230,'Indivíduo de pele de cor parda, trajando camiseta de cor vermelha e bermuda de cor vermelha',380,230), 
(231,'Indivíduo de pele de cor parda, trajando casaco de cor preta e bermuda de cor vermelha',381,231), 
(232,'Indivíduo de pele de cor negra, usando camisa verde e calça azul',382,232), 
(233,'Indivíduo de pele de cor parda, vestindo camiseta verde e calça de cor preta',383,233), 
(234,'Indivíduo de pele de cor negra, vestindo camiseta de cor amarela e calça azul',384,234), 
(235,'Indivíduo de pele de cor parda, trajando camiseta de cor amarela e bermuda de cor preta',385,235), 
(236,'Pessoa de pele de cor branca, trajando casaco azul e calça verde',386,236), 
(237,'Pessoa de pele de cor parda, trajando casaco de cor branca e bermuda de cor vermelha',387,237), 
(238,'Indivíduo de pele de cor negra, trajando camisa azul e bermuda verde',388,238), 
(239,'Indivíduo de pele de cor negra, trajando camiseta azul e calça de cor preta',389,239), 
(240,'Indivíduo de pele de cor negra, trajando camiseta de cor amarela e calça de cor preta',390,240), 
(241,'Indivíduo de pele de cor parda, vestindo camiseta de cor amarela e calça verde',391,241), 
(242,'Indivíduo de pele de cor parda, trajando camisa azul e calça de cor vermelha',392,242), 
(243,'Indivíduo de pele de cor parda, trajando camisa verde e bermuda azul',393,243), 
(244,'Pessoa de pele de cor parda, trajando camiseta de cor branca e bermuda de cor branca',394,244), 
(245,'Pessoa de pele de cor parda, trajando camiseta de cor branca e bermuda azul',395,245), 
(246,'Pessoa de pele de cor branca, vestindo camiseta de cor amarela e calça de cor branca',396,246), 
(247,'Pessoa de pele de cor parda, trajando camiseta de cor amarela e calça de cor vermelha',397,247), 
(248,'Pessoa de pele de cor parda, trajando camisa azul e bermuda de cor branca',398,248), 
(249,'Indivíduo de pele de cor parda, vestindo camiseta verde e calça de cor amarela',399,249), 
(250,'Pessoa de pele de cor parda, trajando casaco verde e calça de cor branca',400,250), 
(251,'Pessoa de pele de cor negra, trajando camiseta azul e bermuda azul',401,251), 
(252,'Pessoa de pele de cor branca, trajando camisa de cor vermelha e calça de cor vermelha',402,252), 
(253,'Indivíduo de pele de cor negra, usando camisa verde e calça azul',403,253), 
(254,'Indivíduo de pele de cor parda, trajando casaco de cor preta e bermuda de cor preta',404,254), 
(255,'Indivíduo de pele de cor branca, usando camiseta verde e bermuda azul',405,255), 
(256,'Indivíduo de pele de cor negra, usando camisa azul e bermuda de cor vermelha',406,256), 
(257,'Indivíduo de pele de cor negra, usando camiseta de cor branca e bermuda de cor branca',407,257), 
(258,'Indivíduo de pele de cor parda, usando camiseta azul e calça de cor amarela',408,258), 
(259,'Indivíduo de pele de cor parda, usando camiseta azul e bermuda azul',409,259), 
(260,'Indivíduo de pele de cor parda, trajando casaco de cor preta e bermuda azul',410,260), 
(261,'Indivíduo de pele de cor negra, vestindo camiseta de cor amarela e bermuda de cor branca',411,261), 
(262,'Indivíduo de pele de cor parda, vestindo camiseta de cor vermelha e bermuda de cor branca',412,262), 
(263,'Indivíduo de pele de cor branca, trajando casaco de cor branca e calça de cor preta',413,263), 
(264,'Pessoa de pele de cor negra, trajando camiseta de cor preta e bermuda azul',414,264), 
(265,'Pessoa de pele de cor negra, trajando camiseta verde e bermuda azul',415,265), 
(266,'Indivíduo de pele de cor parda, trajando casaco verde e bermuda azul',416,266), 
(267,'Pessoa de pele de cor parda, usando camisa de cor branca e bermuda de cor amarela',417,267), 
(268,'Pessoa de pele de cor branca, trajando camiseta de cor vermelha e bermuda de cor vermelha',418,268), 
(269,'Pessoa de pele de cor negra, trajando camisa de cor amarela e bermuda de cor branca',419,269), 
(270,'Indivíduo de pele de cor branca, trajando casaco de cor preta e bermuda azul',420,270), 
(271,'Pessoa de pele de cor branca, vestindo camiseta de cor branca e calça de cor vermelha',421,271), 
(272,'Pessoa de pele de cor negra, usando camiseta de cor amarela e bermuda de cor preta',422,272), 
(273,'Indivíduo de pele de cor parda, trajando camiseta azul e calça de cor preta',423,273), 
(274,'Pessoa de pele de cor negra, trajando camisa azul e bermuda de cor amarela',424,274), 
(275,'Pessoa de pele de cor parda, trajando camiseta de cor vermelha e bermuda de cor branca',425,275), 
(276,'Pessoa de pele de cor negra, usando camisa azul e bermuda verde',426,276), 
(277,'Pessoa de pele de cor branca, trajando camiseta verde e calça de cor preta',427,277), 
(278,'Pessoa de pele de cor negra, usando camiseta azul e bermuda verde',428,278), 
(279,'Indivíduo de pele de cor branca, usando camisa verde e bermuda de cor preta',429,279), 
(280,'Indivíduo de pele de cor branca, trajando camisa de cor branca e bermuda verde',430,280), 
(281,'Indivíduo de pele de cor negra, trajando camisa de cor preta e bermuda de cor amarela',431,281), 
(282,'Indivíduo de pele de cor parda, usando camisa de cor vermelha e bermuda de cor vermelha',432,282), 
(283,'Pessoa de pele de cor branca, vestindo camiseta de cor preta e bermuda de cor vermelha',433,283), 
(284,'Indivíduo de pele de cor negra, usando camiseta azul e calça de cor vermelha',434,284), 
(285,'Indivíduo de pele de cor branca, trajando camisa verde e calça de cor branca',435,285), 
(286,'Pessoa de pele de cor branca, vestindo camiseta de cor preta e calça de cor amarela',436,286), 
(287,'Pessoa de pele de cor parda, usando camisa de cor preta e bermuda de cor branca',437,287), 
(288,'Indivíduo de pele de cor parda, usando camiseta verde e bermuda azul',438,288), 
(289,'Pessoa de pele de cor branca, trajando camisa de cor preta e calça de cor branca',439,289), 
(290,'Pessoa de pele de cor parda, usando camisa verde e calça de cor branca',440,290), 
(291,'Indivíduo de pele de cor negra, trajando casaco de cor branca e calça de cor preta',441,291), 
(292,'Indivíduo de pele de cor negra, trajando casaco de cor amarela e calça de cor preta',442,292), 
(293,'Indivíduo de pele de cor parda, usando camisa de cor preta e bermuda verde',443,293), 
(294,'Pessoa de pele de cor parda, trajando camiseta de cor amarela e bermuda azul',444,294), 
(295,'Pessoa de pele de cor negra, trajando camisa verde e calça de cor amarela',445,295), 
(296,'Indivíduo de pele de cor parda, trajando camisa de cor preta e bermuda de cor vermelha',446,296), 
(297,'Pessoa de pele de cor negra, vestindo camiseta azul e calça de cor vermelha',447,297), 
(298,'Indivíduo de pele de cor negra, vestindo camiseta de cor amarela e bermuda de cor branca',448,298), 
(299,'Pessoa de pele de cor parda, usando camiseta de cor branca e calça verde',449,299), 
(300,'Indivíduo de pele de cor parda, usando camisa verde e bermuda de cor branca',450,300); 

INSERT INTO suspeito(id, caracteristicas, idpessoa, idboletimocorrencia) VALUES 
(1,'Pessoa de pele de cor negra, trajando casaco de cor preta e bermuda de cor preta',451,1), 
(2,'Pessoa de pele de cor negra, trajando casaco verde e calça de cor amarela',452,2), 
(3,'Pessoa de pele de cor negra, vestindo camiseta de cor vermelha e bermuda azul',453,3), 
(4,'Pessoa de pele de cor negra, trajando camiseta de cor amarela e calça azul',454,4), 
(5,'Pessoa de pele de cor branca, trajando casaco de cor amarela e bermuda de cor branca',455,5), 
(6,'Pessoa de pele de cor negra, trajando camisa de cor vermelha e calça de cor preta',456,6), 
(7,'Pessoa de pele de cor negra, usando camisa de cor vermelha e bermuda de cor amarela',457,7), 
(8,'Pessoa de pele de cor negra, trajando casaco de cor vermelha e bermuda de cor preta',458,8), 
(9,'Indivíduo de pele de cor branca, vestindo camiseta de cor vermelha e bermuda azul',459,9), 
(10,'Indivíduo de pele de cor negra, trajando camiseta azul e calça de cor preta',460,10), 
(11,'Indivíduo de pele de cor negra, usando camiseta de cor preta e bermuda de cor vermelha',461,11), 
(12,'Indivíduo de pele de cor negra, vestindo camiseta de cor amarela e bermuda verde',462,12), 
(13,'Indivíduo de pele de cor branca, trajando casaco de cor amarela e calça azul',463,13), 
(14,'Indivíduo de pele de cor branca, trajando casaco de cor branca e calça verde',464,14), 
(15,'Indivíduo de pele de cor negra, trajando casaco de cor amarela e calça de cor branca',465,15), 
(16,'Indivíduo de pele de cor parda, trajando casaco de cor preta e bermuda azul',466,16), 
(17,'Indivíduo de pele de cor negra, trajando camisa de cor vermelha e calça de cor vermelha',467,17), 
(18,'Pessoa de pele de cor branca, usando camisa azul e bermuda de cor amarela',468,18), 
(19,'Pessoa de pele de cor parda, usando camiseta de cor branca e bermuda azul',469,19), 
(20,'Pessoa de pele de cor branca, vestindo camiseta de cor branca e bermuda de cor vermelha',470,20), 
(21,'Indivíduo de pele de cor branca, vestindo camiseta de cor vermelha e bermuda de cor branca',471,21), 
(22,'Pessoa de pele de cor branca, usando camiseta de cor preta e calça azul',472,22), 
(23,'Indivíduo de pele de cor parda, trajando casaco de cor branca e calça de cor vermelha',473,23), 
(24,'Indivíduo de pele de cor negra, trajando camiseta de cor preta e calça de cor branca',474,24), 
(25,'Indivíduo de pele de cor negra, trajando camisa de cor preta e calça de cor vermelha',475,25), 
(26,'Pessoa de pele de cor negra, usando camiseta de cor branca e bermuda de cor branca',476,26), 
(27,'Pessoa de pele de cor branca, vestindo camiseta de cor preta e calça de cor branca',477,27), 
(28,'Pessoa de pele de cor parda, trajando casaco verde e calça de cor preta',478,28), 
(29,'Pessoa de pele de cor branca, trajando camiseta azul e calça de cor amarela',479,29), 
(30,'Indivíduo de pele de cor negra, usando camiseta de cor branca e calça de cor branca',480,30), 
(31,'Indivíduo de pele de cor negra, usando camisa de cor preta e calça de cor branca',481,31), 
(32,'Pessoa de pele de cor branca, trajando casaco de cor vermelha e bermuda de cor vermelha',482,32), 
(33,'Pessoa de pele de cor branca, usando camisa verde e calça verde',483,33), 
(34,'Pessoa de pele de cor branca, trajando casaco verde e calça de cor preta',484,34), 
(35,'Indivíduo de pele de cor parda, trajando camisa azul e calça de cor amarela',485,35), 
(36,'Pessoa de pele de cor branca, trajando camiseta azul e calça de cor branca',486,36), 
(37,'Pessoa de pele de cor branca, trajando casaco de cor preta e calça de cor preta',487,37), 
(38,'Indivíduo de pele de cor parda, trajando camisa de cor preta e calça de cor vermelha',488,38), 
(39,'Indivíduo de pele de cor negra, trajando camiseta verde e bermuda de cor amarela',489,39), 
(40,'Indivíduo de pele de cor negra, trajando casaco de cor branca e calça verde',490,40), 
(41,'Indivíduo de pele de cor negra, trajando casaco de cor amarela e bermuda azul',491,41), 
(42,'Indivíduo de pele de cor negra, trajando casaco de cor vermelha e calça azul',492,42), 
(43,'Indivíduo de pele de cor branca, usando camisa de cor branca e calça de cor vermelha',493,43), 
(44,'Pessoa de pele de cor parda, usando camiseta de cor branca e bermuda verde',494,44), 
(45,'Indivíduo de pele de cor negra, vestindo camiseta de cor branca e calça azul',495,45), 
(46,'Pessoa de pele de cor parda, usando camiseta de cor branca e calça de cor branca',496,46), 
(47,'Pessoa de pele de cor negra, trajando camisa de cor branca e bermuda de cor amarela',497,47), 
(48,'Indivíduo de pele de cor branca, trajando casaco de cor amarela e bermuda de cor branca',498,48), 
(49,'Pessoa de pele de cor negra, vestindo camiseta de cor preta e calça de cor vermelha',499,49), 
(50,'Pessoa de pele de cor parda, trajando casaco de cor amarela e calça verde',500,50), 
(51,'Pessoa de pele de cor branca, usando camiseta azul e calça azul',501,51), 
(52,'Indivíduo de pele de cor parda, trajando casaco de cor preta e calça de cor vermelha',502,52), 
(53,'Indivíduo de pele de cor branca, vestindo camiseta de cor vermelha e bermuda azul',503,53), 
(54,'Indivíduo de pele de cor negra, trajando camisa azul e calça de cor preta',504,54), 
(55,'Indivíduo de pele de cor branca, usando camiseta de cor preta e calça de cor vermelha',505,55), 
(56,'Indivíduo de pele de cor branca, usando camiseta de cor amarela e bermuda de cor vermelha',506,56), 
(57,'Indivíduo de pele de cor negra, vestindo camiseta verde e calça de cor vermelha',507,57), 
(58,'Pessoa de pele de cor parda, usando camisa de cor preta e bermuda de cor branca',508,58), 
(59,'Indivíduo de pele de cor negra, trajando camisa de cor preta e bermuda verde',509,59), 
(60,'Pessoa de pele de cor negra, usando camiseta verde e calça de cor vermelha',510,60), 
(61,'Pessoa de pele de cor negra, trajando camiseta de cor vermelha e calça de cor vermelha',511,61), 
(62,'Pessoa de pele de cor parda, trajando camisa de cor vermelha e bermuda de cor preta',512,62), 
(63,'Pessoa de pele de cor parda, usando camiseta de cor amarela e calça azul',513,63), 
(64,'Pessoa de pele de cor parda, usando camisa de cor preta e bermuda de cor branca',514,64), 
(65,'Indivíduo de pele de cor negra, trajando camisa azul e calça de cor preta',515,65), 
(66,'Indivíduo de pele de cor parda, vestindo camiseta de cor branca e bermuda de cor branca',516,66), 
(67,'Indivíduo de pele de cor parda, usando camisa de cor branca e calça verde',517,67), 
(68,'Pessoa de pele de cor negra, usando camiseta de cor branca e calça de cor branca',518,68), 
(69,'Pessoa de pele de cor branca, vestindo camiseta azul e bermuda de cor branca',519,69), 
(70,'Pessoa de pele de cor parda, usando camiseta verde e calça de cor amarela',520,70), 
(71,'Pessoa de pele de cor negra, usando camiseta verde e calça azul',521,71), 
(72,'Indivíduo de pele de cor branca, trajando camisa de cor branca e bermuda de cor amarela',522,72), 
(73,'Indivíduo de pele de cor negra, usando camiseta verde e bermuda de cor amarela',523,73), 
(74,'Pessoa de pele de cor parda, trajando casaco de cor preta e calça verde',524,74), 
(75,'Indivíduo de pele de cor parda, usando camisa de cor preta e bermuda de cor branca',525,75), 
(76,'Pessoa de pele de cor branca, usando camisa de cor amarela e bermuda verde',526,76), 
(77,'Indivíduo de pele de cor parda, trajando camiseta de cor preta e bermuda de cor amarela',527,77), 
(78,'Indivíduo de pele de cor parda, trajando camisa de cor preta e calça azul',528,78), 
(79,'Indivíduo de pele de cor branca, usando camiseta azul e bermuda de cor preta',529,79), 
(80,'Indivíduo de pele de cor negra, usando camiseta verde e calça de cor branca',530,80), 
(81,'Pessoa de pele de cor negra, trajando camiseta azul e calça de cor vermelha',531,81), 
(82,'Pessoa de pele de cor parda, usando camiseta azul e calça de cor branca',532,82), 
(83,'Indivíduo de pele de cor parda, trajando camiseta de cor vermelha e calça de cor amarela',533,83), 
(84,'Indivíduo de pele de cor branca, vestindo camiseta de cor branca e bermuda verde',534,84), 
(85,'Indivíduo de pele de cor branca, usando camisa azul e bermuda de cor vermelha',535,85), 
(86,'Indivíduo de pele de cor branca, vestindo camiseta de cor preta e calça azul',536,86), 
(87,'Pessoa de pele de cor parda, trajando casaco de cor branca e calça de cor preta',537,87), 
(88,'Pessoa de pele de cor branca, usando camiseta de cor amarela e bermuda de cor branca',538,88), 
(89,'Pessoa de pele de cor negra, usando camisa azul e bermuda de cor preta',539,89), 
(90,'Indivíduo de pele de cor parda, vestindo camiseta verde e bermuda azul',540,90), 
(91,'Indivíduo de pele de cor branca, trajando camiseta de cor branca e bermuda verde',541,91), 
(92,'Indivíduo de pele de cor negra, usando camiseta de cor amarela e bermuda de cor branca',542,92), 
(93,'Pessoa de pele de cor branca, trajando camiseta de cor preta e calça de cor branca',543,93), 
(94,'Pessoa de pele de cor negra, usando camiseta azul e bermuda de cor branca',544,94), 
(95,'Indivíduo de pele de cor parda, trajando camiseta de cor branca e bermuda de cor preta',545,95), 
(96,'Indivíduo de pele de cor parda, trajando camisa de cor amarela e calça de cor branca',546,96), 
(97,'Indivíduo de pele de cor branca, trajando camisa de cor vermelha e calça de cor preta',547,97), 
(98,'Indivíduo de pele de cor branca, trajando camiseta verde e bermuda de cor preta',548,98), 
(99,'Pessoa de pele de cor parda, trajando camisa azul e bermuda azul',549,99), 
(100,'Indivíduo de pele de cor branca, usando camisa verde e bermuda de cor branca',550,100), 
(101,'Pessoa de pele de cor branca, vestindo camiseta de cor amarela e calça de cor vermelha',551,101), 
(102,'Indivíduo de pele de cor negra, usando camisa verde e bermuda verde',552,102), 
(103,'Pessoa de pele de cor parda, usando camisa de cor branca e bermuda de cor branca',553,103), 
(104,'Pessoa de pele de cor branca, trajando camiseta de cor preta e calça azul',554,104), 
(105,'Indivíduo de pele de cor parda, trajando camiseta de cor branca e calça verde',555,105), 
(106,'Indivíduo de pele de cor negra, trajando casaco azul e calça de cor vermelha',556,106), 
(107,'Pessoa de pele de cor negra, trajando casaco de cor preta e bermuda de cor branca',557,107), 
(108,'Pessoa de pele de cor branca, usando camisa de cor vermelha e bermuda azul',558,108), 
(109,'Pessoa de pele de cor parda, trajando camisa azul e calça de cor preta',559,109), 
(110,'Indivíduo de pele de cor branca, trajando camisa de cor vermelha e bermuda azul',560,110), 
(111,'Pessoa de pele de cor branca, trajando camisa de cor branca e bermuda de cor amarela',561,111), 
(112,'Pessoa de pele de cor negra, usando camiseta de cor branca e bermuda azul',562,112), 
(113,'Pessoa de pele de cor parda, trajando camisa de cor branca e bermuda de cor branca',563,113), 
(114,'Indivíduo de pele de cor negra, vestindo camiseta de cor amarela e calça de cor branca',564,114), 
(115,'Pessoa de pele de cor negra, trajando camiseta verde e calça de cor preta',565,115), 
(116,'Indivíduo de pele de cor negra, trajando camiseta de cor vermelha e bermuda de cor amarela',566,116), 
(117,'Indivíduo de pele de cor branca, usando camisa de cor amarela e bermuda de cor preta',567,117), 
(118,'Pessoa de pele de cor parda, usando camisa de cor amarela e calça de cor preta',568,118), 
(119,'Indivíduo de pele de cor negra, trajando camiseta de cor preta e calça azul',569,119), 
(120,'Pessoa de pele de cor branca, usando camisa de cor branca e calça de cor amarela',570,120), 
(121,'Indivíduo de pele de cor branca, trajando casaco de cor branca e bermuda de cor branca',571,121), 
(122,'Indivíduo de pele de cor parda, trajando camisa azul e calça azul',572,122), 
(123,'Pessoa de pele de cor branca, trajando casaco de cor vermelha e bermuda azul',573,123), 
(124,'Pessoa de pele de cor branca, usando camiseta de cor vermelha e bermuda de cor branca',574,124), 
(125,'Pessoa de pele de cor parda, trajando camisa de cor branca e calça verde',575,125), 
(126,'Indivíduo de pele de cor branca, usando camisa de cor preta e calça azul',576,126), 
(127,'Pessoa de pele de cor negra, usando camiseta verde e bermuda de cor preta',577,127), 
(128,'Pessoa de pele de cor parda, trajando camiseta de cor vermelha e bermuda de cor branca',578,128), 
(129,'Indivíduo de pele de cor negra, trajando casaco de cor branca e bermuda de cor branca',579,129), 
(130,'Pessoa de pele de cor branca, vestindo camiseta de cor amarela e bermuda verde',580,130), 
(131,'Indivíduo de pele de cor negra, vestindo camiseta de cor branca e calça de cor preta',581,131), 
(132,'Pessoa de pele de cor branca, vestindo camiseta de cor amarela e calça de cor amarela',582,132), 
(133,'Pessoa de pele de cor negra, vestindo camiseta de cor branca e bermuda de cor branca',583,133), 
(134,'Indivíduo de pele de cor parda, trajando camiseta verde e calça de cor branca',584,134), 
(135,'Pessoa de pele de cor parda, usando camiseta azul e bermuda de cor preta',585,135), 
(136,'Pessoa de pele de cor parda, usando camisa de cor preta e calça azul',586,136), 
(137,'Pessoa de pele de cor branca, usando camisa azul e bermuda de cor branca',587,137), 
(138,'Indivíduo de pele de cor branca, usando camisa de cor preta e bermuda de cor amarela',588,138), 
(139,'Indivíduo de pele de cor branca, vestindo camiseta azul e calça de cor branca',589,139), 
(140,'Indivíduo de pele de cor parda, usando camiseta de cor preta e bermuda azul',590,140), 
(141,'Indivíduo de pele de cor parda, usando camisa de cor amarela e calça verde',591,141), 
(142,'Indivíduo de pele de cor branca, trajando casaco de cor branca e calça verde',592,142), 
(143,'Pessoa de pele de cor parda, trajando camiseta de cor preta e bermuda de cor amarela',593,143), 
(144,'Indivíduo de pele de cor branca, trajando casaco de cor vermelha e calça de cor amarela',594,144), 
(145,'Indivíduo de pele de cor parda, usando camiseta de cor vermelha e bermuda de cor preta',595,145), 
(146,'Pessoa de pele de cor negra, trajando camisa de cor preta e calça de cor amarela',596,146), 
(147,'Pessoa de pele de cor negra, trajando camiseta de cor amarela e bermuda de cor preta',597,147), 
(148,'Pessoa de pele de cor negra, vestindo camiseta de cor amarela e bermuda verde',598,148), 
(149,'Pessoa de pele de cor branca, vestindo camiseta de cor vermelha e bermuda de cor amarela',599,149), 
(150,'Pessoa de pele de cor parda, vestindo camiseta de cor preta e bermuda verde',600,150), 
(151,'Pessoa de pele de cor parda, trajando casaco de cor branca e calça de cor amarela',601,151), 
(152,'Indivíduo de pele de cor branca, vestindo camiseta de cor preta e bermuda de cor branca',602,152), 
(153,'Indivíduo de pele de cor negra, trajando camiseta de cor vermelha e bermuda verde',603,153), 
(154,'Indivíduo de pele de cor negra, usando camisa azul e calça verde',604,154), 
(155,'Indivíduo de pele de cor negra, vestindo camiseta de cor preta e calça de cor branca',605,155), 
(156,'Pessoa de pele de cor parda, trajando camisa de cor vermelha e bermuda azul',606,156), 
(157,'Indivíduo de pele de cor branca, trajando casaco de cor amarela e bermuda azul',607,157), 
(158,'Pessoa de pele de cor negra, trajando camiseta verde e bermuda azul',608,158), 
(159,'Pessoa de pele de cor parda, trajando camiseta de cor vermelha e calça de cor branca',609,159), 
(160,'Indivíduo de pele de cor parda, usando camiseta de cor branca e calça de cor preta',610,160), 
(161,'Pessoa de pele de cor negra, usando camiseta verde e bermuda de cor preta',611,161), 
(162,'Indivíduo de pele de cor parda, trajando camisa azul e calça de cor preta',612,162), 
(163,'Pessoa de pele de cor parda, vestindo camiseta de cor branca e calça de cor amarela',613,163), 
(164,'Pessoa de pele de cor negra, trajando casaco de cor branca e calça de cor amarela',614,164), 
(165,'Indivíduo de pele de cor parda, vestindo camiseta de cor amarela e bermuda de cor branca',615,165), 
(166,'Indivíduo de pele de cor branca, usando camisa azul e calça de cor preta',616,166), 
(167,'Pessoa de pele de cor branca, vestindo camiseta de cor branca e bermuda de cor amarela',617,167), 
(168,'Indivíduo de pele de cor branca, vestindo camiseta de cor preta e bermuda de cor preta',618,168), 
(169,'Pessoa de pele de cor negra, usando camisa azul e calça de cor vermelha',619,169), 
(170,'Pessoa de pele de cor parda, usando camiseta de cor amarela e bermuda de cor amarela',620,170), 
(171,'Pessoa de pele de cor negra, trajando camisa verde e calça de cor branca',621,171), 
(172,'Pessoa de pele de cor branca, usando camiseta de cor vermelha e bermuda de cor branca',622,172), 
(173,'Indivíduo de pele de cor negra, trajando camiseta azul e calça de cor branca',623,173), 
(174,'Pessoa de pele de cor branca, usando camisa azul e bermuda de cor branca',624,174), 
(175,'Pessoa de pele de cor branca, trajando casaco verde e bermuda de cor branca',625,175), 
(176,'Pessoa de pele de cor parda, usando camiseta de cor preta e bermuda de cor amarela',626,176), 
(177,'Pessoa de pele de cor parda, vestindo camiseta verde e calça de cor preta',627,177), 
(178,'Indivíduo de pele de cor negra, vestindo camiseta verde e bermuda azul',628,178), 
(179,'Pessoa de pele de cor negra, usando camiseta de cor amarela e bermuda de cor branca',629,179), 
(180,'Pessoa de pele de cor negra, trajando camiseta de cor amarela e bermuda de cor amarela',630,180), 
(181,'Pessoa de pele de cor negra, vestindo camiseta azul e bermuda verde',631,181), 
(182,'Pessoa de pele de cor branca, vestindo camiseta de cor preta e bermuda de cor preta',632,182), 
(183,'Pessoa de pele de cor negra, trajando casaco de cor amarela e bermuda de cor branca',633,183), 
(184,'Pessoa de pele de cor parda, trajando camiseta de cor amarela e calça de cor vermelha',634,184), 
(185,'Pessoa de pele de cor parda, vestindo camiseta de cor branca e bermuda de cor vermelha',635,185), 
(186,'Indivíduo de pele de cor negra, trajando camiseta azul e calça de cor branca',636,186), 
(187,'Indivíduo de pele de cor negra, trajando camiseta verde e calça de cor branca',637,187), 
(188,'Indivíduo de pele de cor negra, trajando casaco de cor vermelha e calça de cor vermelha',638,188), 
(189,'Indivíduo de pele de cor branca, usando camisa azul e bermuda azul',639,189), 
(190,'Indivíduo de pele de cor branca, vestindo camiseta de cor amarela e calça de cor branca',640,190), 
(191,'Pessoa de pele de cor negra, vestindo camiseta verde e calça verde',641,191), 
(192,'Indivíduo de pele de cor negra, vestindo camiseta verde e calça verde',642,192), 
(193,'Indivíduo de pele de cor negra, trajando camiseta azul e calça azul',643,193), 
(194,'Pessoa de pele de cor branca, trajando camisa verde e bermuda verde',644,194), 
(195,'Pessoa de pele de cor negra, usando camisa verde e bermuda de cor branca',645,195), 
(196,'Pessoa de pele de cor negra, trajando casaco verde e bermuda azul',646,196), 
(197,'Pessoa de pele de cor parda, trajando camiseta verde e calça azul',647,197), 
(198,'Indivíduo de pele de cor branca, trajando camiseta azul e bermuda de cor preta',648,198), 
(199,'Indivíduo de pele de cor parda, usando camisa azul e calça azul',649,199), 
(200,'Indivíduo de pele de cor negra, vestindo camiseta de cor amarela e bermuda verde',650,200), 
(201,'Pessoa de pele de cor negra, trajando camiseta verde e calça de cor branca',651,201), 
(202,'Pessoa de pele de cor branca, trajando casaco de cor amarela e bermuda de cor vermelha',652,202), 
(203,'Indivíduo de pele de cor parda, trajando camisa de cor amarela e bermuda azul',653,203), 
(204,'Indivíduo de pele de cor branca, trajando camiseta de cor amarela e bermuda de cor vermelha',654,204), 
(205,'Indivíduo de pele de cor branca, trajando casaco de cor amarela e bermuda azul',655,205), 
(206,'Pessoa de pele de cor parda, usando camisa de cor branca e bermuda de cor amarela',656,206), 
(207,'Indivíduo de pele de cor parda, usando camisa de cor branca e calça de cor amarela',657,207), 
(208,'Indivíduo de pele de cor branca, usando camisa de cor preta e calça de cor preta',658,208), 
(209,'Indivíduo de pele de cor parda, vestindo camiseta azul e bermuda azul',659,209), 
(210,'Indivíduo de pele de cor negra, vestindo camiseta azul e calça de cor vermelha',660,210), 
(211,'Indivíduo de pele de cor negra, vestindo camiseta de cor amarela e calça de cor preta',661,211), 
(212,'Indivíduo de pele de cor branca, trajando casaco verde e calça de cor preta',662,212), 
(213,'Indivíduo de pele de cor parda, vestindo camiseta azul e bermuda de cor branca',663,213), 
(214,'Indivíduo de pele de cor branca, usando camiseta de cor branca e bermuda verde',664,214), 
(215,'Pessoa de pele de cor negra, vestindo camiseta azul e bermuda de cor preta',665,215), 
(216,'Indivíduo de pele de cor negra, trajando casaco de cor vermelha e bermuda de cor branca',666,216), 
(217,'Pessoa de pele de cor parda, usando camisa de cor branca e calça de cor preta',667,217), 
(218,'Indivíduo de pele de cor branca, trajando casaco de cor branca e calça de cor preta',668,218), 
(219,'Indivíduo de pele de cor negra, trajando camiseta de cor vermelha e calça de cor branca',669,219), 
(220,'Indivíduo de pele de cor parda, trajando casaco de cor vermelha e calça de cor vermelha',670,220), 
(221,'Indivíduo de pele de cor branca, vestindo camiseta de cor amarela e calça azul',671,221), 
(222,'Pessoa de pele de cor negra, trajando casaco de cor branca e calça azul',672,222), 
(223,'Pessoa de pele de cor branca, trajando casaco de cor amarela e calça de cor branca',673,223), 
(224,'Indivíduo de pele de cor branca, trajando casaco de cor amarela e bermuda de cor preta',674,224), 
(225,'Indivíduo de pele de cor parda, trajando camisa de cor branca e bermuda verde',675,225), 
(226,'Pessoa de pele de cor negra, trajando camisa azul e bermuda azul',676,226), 
(227,'Pessoa de pele de cor parda, trajando casaco de cor vermelha e bermuda de cor branca',677,227), 
(228,'Pessoa de pele de cor branca, usando camisa verde e calça de cor amarela',678,228), 
(229,'Pessoa de pele de cor parda, vestindo camiseta de cor branca e bermuda azul',679,229), 
(230,'Indivíduo de pele de cor branca, usando camiseta de cor amarela e bermuda azul',680,230), 
(231,'Indivíduo de pele de cor negra, trajando casaco de cor vermelha e calça verde',681,231), 
(232,'Indivíduo de pele de cor parda, trajando camisa verde e calça de cor branca',682,232), 
(233,'Indivíduo de pele de cor negra, usando camiseta de cor preta e bermuda azul',683,233), 
(234,'Pessoa de pele de cor negra, trajando camisa de cor preta e calça de cor branca',684,234), 
(235,'Indivíduo de pele de cor branca, vestindo camiseta de cor preta e calça de cor amarela',685,235), 
(236,'Pessoa de pele de cor parda, vestindo camiseta verde e calça de cor preta',686,236), 
(237,'Indivíduo de pele de cor parda, usando camisa de cor amarela e calça de cor vermelha',687,237), 
(238,'Indivíduo de pele de cor parda, trajando camiseta de cor preta e calça azul',688,238), 
(239,'Pessoa de pele de cor negra, trajando casaco de cor preta e bermuda de cor preta',689,239), 
(240,'Indivíduo de pele de cor negra, usando camiseta de cor vermelha e bermuda azul',690,240), 
(241,'Indivíduo de pele de cor parda, usando camiseta de cor preta e bermuda de cor preta',691,241), 
(242,'Pessoa de pele de cor parda, usando camisa verde e bermuda azul',692,242), 
(243,'Pessoa de pele de cor negra, vestindo camiseta azul e calça de cor branca',693,243), 
(244,'Indivíduo de pele de cor negra, usando camisa azul e calça de cor branca',694,244), 
(245,'Indivíduo de pele de cor parda, usando camisa de cor amarela e bermuda de cor amarela',695,245), 
(246,'Pessoa de pele de cor branca, trajando camisa de cor preta e bermuda azul',696,246), 
(247,'Indivíduo de pele de cor parda, trajando camisa de cor amarela e bermuda azul',697,247), 
(248,'Indivíduo de pele de cor negra, trajando casaco de cor branca e calça azul',698,248), 
(249,'Pessoa de pele de cor negra, usando camisa de cor preta e calça de cor amarela',699,249), 
(250,'Indivíduo de pele de cor negra, trajando camiseta de cor preta e bermuda verde',700,250), 
(251,'Indivíduo de pele de cor negra, usando camisa de cor amarela e bermuda de cor branca',701,251), 
(252,'Indivíduo de pele de cor parda, usando camiseta de cor vermelha e calça de cor preta',702,252), 
(253,'Pessoa de pele de cor negra, trajando camiseta de cor amarela e bermuda azul',703,253), 
(254,'Pessoa de pele de cor negra, usando camisa de cor amarela e bermuda de cor vermelha',704,254), 
(255,'Indivíduo de pele de cor negra, usando camiseta de cor amarela e calça verde',705,255), 
(256,'Pessoa de pele de cor negra, usando camisa de cor amarela e calça verde',706,256), 
(257,'Pessoa de pele de cor parda, trajando camiseta verde e calça de cor preta',707,257), 
(258,'Indivíduo de pele de cor parda, trajando casaco de cor branca e bermuda de cor branca',708,258), 
(259,'Indivíduo de pele de cor parda, trajando casaco de cor amarela e calça de cor branca',709,259), 
(260,'Indivíduo de pele de cor negra, usando camisa de cor branca e bermuda de cor vermelha',710,260), 
(261,'Pessoa de pele de cor parda, trajando casaco de cor branca e calça azul',711,261), 
(262,'Indivíduo de pele de cor branca, vestindo camiseta de cor preta e calça azul',712,262), 
(263,'Pessoa de pele de cor parda, trajando camisa de cor preta e calça de cor branca',713,263), 
(264,'Pessoa de pele de cor negra, trajando casaco de cor preta e calça de cor preta',714,264), 
(265,'Indivíduo de pele de cor branca, usando camisa de cor branca e calça de cor branca',715,265), 
(266,'Pessoa de pele de cor negra, trajando camiseta de cor preta e calça azul',716,266), 
(267,'Indivíduo de pele de cor branca, usando camisa de cor branca e bermuda verde',717,267), 
(268,'Indivíduo de pele de cor branca, trajando casaco de cor vermelha e bermuda verde',718,268), 
(269,'Pessoa de pele de cor parda, usando camisa de cor preta e calça de cor vermelha',719,269), 
(270,'Indivíduo de pele de cor branca, trajando camiseta de cor amarela e calça azul',720,270), 
(271,'Pessoa de pele de cor branca, trajando casaco azul e calça azul',721,271), 
(272,'Pessoa de pele de cor parda, trajando camiseta verde e bermuda de cor amarela',722,272), 
(273,'Pessoa de pele de cor branca, trajando casaco verde e bermuda de cor vermelha',723,273), 
(274,'Pessoa de pele de cor negra, usando camiseta azul e calça de cor branca',724,274), 
(275,'Pessoa de pele de cor parda, usando camiseta azul e bermuda de cor branca',725,275), 
(276,'Pessoa de pele de cor negra, trajando camisa azul e calça de cor branca',726,276), 
(277,'Indivíduo de pele de cor parda, usando camisa de cor vermelha e bermuda de cor vermelha',727,277), 
(278,'Indivíduo de pele de cor branca, trajando casaco azul e calça de cor amarela',728,278), 
(279,'Indivíduo de pele de cor branca, vestindo camiseta de cor amarela e calça de cor preta',729,279), 
(280,'Indivíduo de pele de cor negra, trajando casaco de cor preta e calça de cor vermelha',730,280), 
(281,'Indivíduo de pele de cor parda, trajando camiseta de cor amarela e bermuda verde',731,281), 
(282,'Pessoa de pele de cor negra, trajando camiseta de cor vermelha e calça azul',732,282), 
(283,'Indivíduo de pele de cor negra, trajando casaco de cor branca e bermuda de cor amarela',733,283), 
(284,'Indivíduo de pele de cor negra, vestindo camiseta verde e bermuda verde',734,284), 
(285,'Pessoa de pele de cor negra, usando camisa de cor amarela e bermuda de cor amarela',735,285), 
(286,'Indivíduo de pele de cor negra, usando camiseta verde e bermuda de cor preta',736,286), 
(287,'Pessoa de pele de cor parda, usando camiseta azul e calça de cor vermelha',737,287), 
(288,'Indivíduo de pele de cor negra, trajando camiseta de cor preta e bermuda de cor branca',738,288), 
(289,'Indivíduo de pele de cor branca, vestindo camiseta azul e calça azul',739,289), 
(290,'Indivíduo de pele de cor branca, usando camiseta azul e bermuda azul',740,290), 
(291,'Pessoa de pele de cor negra, usando camisa de cor amarela e calça de cor amarela',741,291), 
(292,'Pessoa de pele de cor parda, trajando casaco de cor preta e calça de cor amarela',742,292), 
(293,'Indivíduo de pele de cor negra, usando camiseta de cor amarela e calça de cor amarela',743,293), 
(294,'Pessoa de pele de cor parda, vestindo camiseta de cor branca e calça de cor preta',744,294), 
(295,'Pessoa de pele de cor negra, trajando camisa de cor vermelha e bermuda de cor amarela',745,295), 
(296,'Pessoa de pele de cor parda, usando camisa de cor amarela e bermuda de cor amarela',746,296), 
(297,'Pessoa de pele de cor parda, trajando camisa de cor branca e bermuda de cor preta',747,297), 
(298,'Indivíduo de pele de cor parda, usando camiseta de cor amarela e calça de cor preta',748,298), 
(299,'Pessoa de pele de cor branca, usando camiseta verde e bermuda de cor amarela',749,299), 
(300,'Indivíduo de pele de cor parda, trajando casaco de cor preta e bermuda de cor branca',750,300); 

INSERT INTO procurado(id, caracteristicas, idpessoa, idboletimocorrencia) VALUES 
(1,'Pessoa de pele de cor negra, trajando casaco de cor preta e bermuda de cor preta',451,1), 
(2,'Pessoa de pele de cor negra, trajando casaco verde e calça de cor amarela',452,2), 
(3,'Pessoa de pele de cor negra, vestindo camiseta de cor vermelha e bermuda azul',453,3), 
(4,'Pessoa de pele de cor negra, trajando camiseta de cor amarela e calça azul',454,4), 
(5,'Pessoa de pele de cor branca, trajando casaco de cor amarela e bermuda de cor branca',455,5), 
(6,'Pessoa de pele de cor negra, trajando camisa de cor vermelha e calça de cor preta',456,6), 
(7,'Pessoa de pele de cor negra, usando camisa de cor vermelha e bermuda de cor amarela',457,7), 
(8,'Pessoa de pele de cor negra, trajando casaco de cor vermelha e bermuda de cor preta',458,8), 
(9,'Indivíduo de pele de cor branca, vestindo camiseta de cor vermelha e bermuda azul',459,9), 
(10,'Indivíduo de pele de cor negra, trajando camiseta azul e calça de cor preta',460,10), 
(11,'Indivíduo de pele de cor negra, usando camiseta de cor preta e bermuda de cor vermelha',461,11), 
(12,'Indivíduo de pele de cor negra, vestindo camiseta de cor amarela e bermuda verde',462,12), 
(13,'Indivíduo de pele de cor branca, trajando casaco de cor amarela e calça azul',463,13), 
(14,'Indivíduo de pele de cor branca, trajando casaco de cor branca e calça verde',464,14), 
(15,'Indivíduo de pele de cor negra, trajando casaco de cor amarela e calça de cor branca',465,15), 
(16,'Indivíduo de pele de cor parda, trajando casaco de cor preta e bermuda azul',466,16), 
(17,'Indivíduo de pele de cor negra, trajando camisa de cor vermelha e calça de cor vermelha',467,17), 
(18,'Pessoa de pele de cor branca, usando camisa azul e bermuda de cor amarela',468,18), 
(19,'Pessoa de pele de cor parda, usando camiseta de cor branca e bermuda azul',469,19), 
(20,'Pessoa de pele de cor branca, vestindo camiseta de cor branca e bermuda de cor vermelha',470,20), 
(21,'Indivíduo de pele de cor branca, vestindo camiseta de cor vermelha e bermuda de cor branca',471,21), 
(22,'Pessoa de pele de cor branca, usando camiseta de cor preta e calça azul',472,22), 
(23,'Indivíduo de pele de cor parda, trajando casaco de cor branca e calça de cor vermelha',473,23), 
(24,'Indivíduo de pele de cor negra, trajando camiseta de cor preta e calça de cor branca',474,24), 
(25,'Indivíduo de pele de cor negra, trajando camisa de cor preta e calça de cor vermelha',475,25), 
(26,'Pessoa de pele de cor negra, usando camiseta de cor branca e bermuda de cor branca',476,26), 
(27,'Pessoa de pele de cor branca, vestindo camiseta de cor preta e calça de cor branca',477,27), 
(28,'Pessoa de pele de cor parda, trajando casaco verde e calça de cor preta',478,28), 
(29,'Pessoa de pele de cor branca, trajando camiseta azul e calça de cor amarela',479,29), 
(30,'Indivíduo de pele de cor negra, usando camiseta de cor branca e calça de cor branca',480,30), 
(31,'Indivíduo de pele de cor negra, usando camisa de cor preta e calça de cor branca',481,31), 
(32,'Pessoa de pele de cor branca, trajando casaco de cor vermelha e bermuda de cor vermelha',482,32), 
(33,'Pessoa de pele de cor branca, usando camisa verde e calça verde',483,33), 
(34,'Pessoa de pele de cor branca, trajando casaco verde e calça de cor preta',484,34), 
(35,'Indivíduo de pele de cor parda, trajando camisa azul e calça de cor amarela',485,35), 
(36,'Pessoa de pele de cor branca, trajando camiseta azul e calça de cor branca',486,36), 
(37,'Pessoa de pele de cor branca, trajando casaco de cor preta e calça de cor preta',487,37), 
(38,'Indivíduo de pele de cor parda, trajando camisa de cor preta e calça de cor vermelha',488,38), 
(39,'Indivíduo de pele de cor negra, trajando camiseta verde e bermuda de cor amarela',489,39), 
(40,'Indivíduo de pele de cor negra, trajando casaco de cor branca e calça verde',490,40), 
(41,'Indivíduo de pele de cor negra, trajando casaco de cor amarela e bermuda azul',491,41), 
(42,'Indivíduo de pele de cor negra, trajando casaco de cor vermelha e calça azul',492,42), 
(43,'Indivíduo de pele de cor branca, usando camisa de cor branca e calça de cor vermelha',493,43), 
(44,'Pessoa de pele de cor parda, usando camiseta de cor branca e bermuda verde',494,44), 
(45,'Indivíduo de pele de cor negra, vestindo camiseta de cor branca e calça azul',495,45), 
(46,'Pessoa de pele de cor parda, usando camiseta de cor branca e calça de cor branca',496,46), 
(47,'Pessoa de pele de cor negra, trajando camisa de cor branca e bermuda de cor amarela',497,47), 
(48,'Indivíduo de pele de cor branca, trajando casaco de cor amarela e bermuda de cor branca',498,48), 
(49,'Pessoa de pele de cor negra, vestindo camiseta de cor preta e calça de cor vermelha',499,49), 
(50,'Pessoa de pele de cor parda, trajando casaco de cor amarela e calça verde',500,50), 
(51,'Pessoa de pele de cor branca, usando camiseta azul e calça azul',501,51), 
(52,'Indivíduo de pele de cor parda, trajando casaco de cor preta e calça de cor vermelha',502,52), 
(53,'Indivíduo de pele de cor branca, vestindo camiseta de cor vermelha e bermuda azul',503,53), 
(54,'Indivíduo de pele de cor negra, trajando camisa azul e calça de cor preta',504,54), 
(55,'Indivíduo de pele de cor branca, usando camiseta de cor preta e calça de cor vermelha',505,55), 
(56,'Indivíduo de pele de cor branca, usando camiseta de cor amarela e bermuda de cor vermelha',506,56), 
(57,'Indivíduo de pele de cor negra, vestindo camiseta verde e calça de cor vermelha',507,57), 
(58,'Pessoa de pele de cor parda, usando camisa de cor preta e bermuda de cor branca',508,58), 
(59,'Indivíduo de pele de cor negra, trajando camisa de cor preta e bermuda verde',509,59), 
(60,'Pessoa de pele de cor negra, usando camiseta verde e calça de cor vermelha',510,60), 
(61,'Pessoa de pele de cor negra, trajando camiseta de cor vermelha e calça de cor vermelha',511,61), 
(62,'Pessoa de pele de cor parda, trajando camisa de cor vermelha e bermuda de cor preta',512,62), 
(63,'Pessoa de pele de cor parda, usando camiseta de cor amarela e calça azul',513,63), 
(64,'Pessoa de pele de cor parda, usando camisa de cor preta e bermuda de cor branca',514,64), 
(65,'Indivíduo de pele de cor negra, trajando camisa azul e calça de cor preta',515,65), 
(66,'Indivíduo de pele de cor parda, vestindo camiseta de cor branca e bermuda de cor branca',516,66), 
(67,'Indivíduo de pele de cor parda, usando camisa de cor branca e calça verde',517,67), 
(68,'Pessoa de pele de cor negra, usando camiseta de cor branca e calça de cor branca',518,68), 
(69,'Pessoa de pele de cor branca, vestindo camiseta azul e bermuda de cor branca',519,69), 
(70,'Pessoa de pele de cor parda, usando camiseta verde e calça de cor amarela',520,70), 
(71,'Pessoa de pele de cor negra, usando camiseta verde e calça azul',521,71), 
(72,'Indivíduo de pele de cor branca, trajando camisa de cor branca e bermuda de cor amarela',522,72), 
(73,'Indivíduo de pele de cor negra, usando camiseta verde e bermuda de cor amarela',523,73), 
(74,'Pessoa de pele de cor parda, trajando casaco de cor preta e calça verde',524,74), 
(75,'Indivíduo de pele de cor parda, usando camisa de cor preta e bermuda de cor branca',525,75), 
(76,'Pessoa de pele de cor branca, usando camisa de cor amarela e bermuda verde',526,76), 
(77,'Indivíduo de pele de cor parda, trajando camiseta de cor preta e bermuda de cor amarela',527,77), 
(78,'Indivíduo de pele de cor parda, trajando camisa de cor preta e calça azul',528,78), 
(79,'Indivíduo de pele de cor branca, usando camiseta azul e bermuda de cor preta',529,79), 
(80,'Indivíduo de pele de cor negra, usando camiseta verde e calça de cor branca',530,80), 
(81,'Pessoa de pele de cor negra, trajando camiseta azul e calça de cor vermelha',531,81), 
(82,'Pessoa de pele de cor parda, usando camiseta azul e calça de cor branca',532,82), 
(83,'Indivíduo de pele de cor parda, trajando camiseta de cor vermelha e calça de cor amarela',533,83), 
(84,'Indivíduo de pele de cor branca, vestindo camiseta de cor branca e bermuda verde',534,84), 
(85,'Indivíduo de pele de cor branca, usando camisa azul e bermuda de cor vermelha',535,85), 
(86,'Indivíduo de pele de cor branca, vestindo camiseta de cor preta e calça azul',536,86), 
(87,'Pessoa de pele de cor parda, trajando casaco de cor branca e calça de cor preta',537,87), 
(88,'Pessoa de pele de cor branca, usando camiseta de cor amarela e bermuda de cor branca',538,88), 
(89,'Pessoa de pele de cor negra, usando camisa azul e bermuda de cor preta',539,89), 
(90,'Indivíduo de pele de cor parda, vestindo camiseta verde e bermuda azul',540,90), 
(91,'Indivíduo de pele de cor branca, trajando camiseta de cor branca e bermuda verde',541,91), 
(92,'Indivíduo de pele de cor negra, usando camiseta de cor amarela e bermuda de cor branca',542,92), 
(93,'Pessoa de pele de cor branca, trajando camiseta de cor preta e calça de cor branca',543,93), 
(94,'Pessoa de pele de cor negra, usando camiseta azul e bermuda de cor branca',544,94), 
(95,'Indivíduo de pele de cor parda, trajando camiseta de cor branca e bermuda de cor preta',545,95), 
(96,'Indivíduo de pele de cor parda, trajando camisa de cor amarela e calça de cor branca',546,96), 
(97,'Indivíduo de pele de cor branca, trajando camisa de cor vermelha e calça de cor preta',547,97), 
(98,'Indivíduo de pele de cor branca, trajando camiseta verde e bermuda de cor preta',548,98), 
(99,'Pessoa de pele de cor parda, trajando camisa azul e bermuda azul',549,99), 
(100,'Indivíduo de pele de cor branca, usando camisa verde e bermuda de cor branca',550,100), 
(101,'Pessoa de pele de cor branca, vestindo camiseta de cor amarela e calça de cor vermelha',551,101), 
(102,'Indivíduo de pele de cor negra, usando camisa verde e bermuda verde',552,102), 
(103,'Pessoa de pele de cor parda, usando camisa de cor branca e bermuda de cor branca',553,103), 
(104,'Pessoa de pele de cor branca, trajando camiseta de cor preta e calça azul',554,104), 
(105,'Indivíduo de pele de cor parda, trajando camiseta de cor branca e calça verde',555,105), 
(106,'Indivíduo de pele de cor negra, trajando casaco azul e calça de cor vermelha',556,106), 
(107,'Pessoa de pele de cor negra, trajando casaco de cor preta e bermuda de cor branca',557,107), 
(108,'Pessoa de pele de cor branca, usando camisa de cor vermelha e bermuda azul',558,108), 
(109,'Pessoa de pele de cor parda, trajando camisa azul e calça de cor preta',559,109), 
(110,'Indivíduo de pele de cor branca, trajando camisa de cor vermelha e bermuda azul',560,110), 
(111,'Pessoa de pele de cor branca, trajando camisa de cor branca e bermuda de cor amarela',561,111), 
(112,'Pessoa de pele de cor negra, usando camiseta de cor branca e bermuda azul',562,112), 
(113,'Pessoa de pele de cor parda, trajando camisa de cor branca e bermuda de cor branca',563,113), 
(114,'Indivíduo de pele de cor negra, vestindo camiseta de cor amarela e calça de cor branca',564,114), 
(115,'Pessoa de pele de cor negra, trajando camiseta verde e calça de cor preta',565,115), 
(116,'Indivíduo de pele de cor negra, trajando camiseta de cor vermelha e bermuda de cor amarela',566,116), 
(117,'Indivíduo de pele de cor branca, usando camisa de cor amarela e bermuda de cor preta',567,117), 
(118,'Pessoa de pele de cor parda, usando camisa de cor amarela e calça de cor preta',568,118), 
(119,'Indivíduo de pele de cor negra, trajando camiseta de cor preta e calça azul',569,119), 
(120,'Pessoa de pele de cor branca, usando camisa de cor branca e calça de cor amarela',570,120), 
(121,'Indivíduo de pele de cor branca, trajando casaco de cor branca e bermuda de cor branca',571,121), 
(122,'Indivíduo de pele de cor parda, trajando camisa azul e calça azul',572,122), 
(123,'Pessoa de pele de cor branca, trajando casaco de cor vermelha e bermuda azul',573,123), 
(124,'Pessoa de pele de cor branca, usando camiseta de cor vermelha e bermuda de cor branca',574,124), 
(125,'Pessoa de pele de cor parda, trajando camisa de cor branca e calça verde',575,125), 
(126,'Indivíduo de pele de cor branca, usando camisa de cor preta e calça azul',576,126), 
(127,'Pessoa de pele de cor negra, usando camiseta verde e bermuda de cor preta',577,127), 
(128,'Pessoa de pele de cor parda, trajando camiseta de cor vermelha e bermuda de cor branca',578,128), 
(129,'Indivíduo de pele de cor negra, trajando casaco de cor branca e bermuda de cor branca',579,129), 
(130,'Pessoa de pele de cor branca, vestindo camiseta de cor amarela e bermuda verde',580,130), 
(131,'Indivíduo de pele de cor negra, vestindo camiseta de cor branca e calça de cor preta',581,131), 
(132,'Pessoa de pele de cor branca, vestindo camiseta de cor amarela e calça de cor amarela',582,132), 
(133,'Pessoa de pele de cor negra, vestindo camiseta de cor branca e bermuda de cor branca',583,133), 
(134,'Indivíduo de pele de cor parda, trajando camiseta verde e calça de cor branca',584,134), 
(135,'Pessoa de pele de cor parda, usando camiseta azul e bermuda de cor preta',585,135), 
(136,'Pessoa de pele de cor parda, usando camisa de cor preta e calça azul',586,136), 
(137,'Pessoa de pele de cor branca, usando camisa azul e bermuda de cor branca',587,137), 
(138,'Indivíduo de pele de cor branca, usando camisa de cor preta e bermuda de cor amarela',588,138), 
(139,'Indivíduo de pele de cor branca, vestindo camiseta azul e calça de cor branca',589,139), 
(140,'Indivíduo de pele de cor parda, usando camiseta de cor preta e bermuda azul',590,140), 
(141,'Indivíduo de pele de cor parda, usando camisa de cor amarela e calça verde',591,141), 
(142,'Indivíduo de pele de cor branca, trajando casaco de cor branca e calça verde',592,142), 
(143,'Pessoa de pele de cor parda, trajando camiseta de cor preta e bermuda de cor amarela',593,143), 
(144,'Indivíduo de pele de cor branca, trajando casaco de cor vermelha e calça de cor amarela',594,144), 
(145,'Indivíduo de pele de cor parda, usando camiseta de cor vermelha e bermuda de cor preta',595,145), 
(146,'Pessoa de pele de cor negra, trajando camisa de cor preta e calça de cor amarela',596,146), 
(147,'Pessoa de pele de cor negra, trajando camiseta de cor amarela e bermuda de cor preta',597,147), 
(148,'Pessoa de pele de cor negra, vestindo camiseta de cor amarela e bermuda verde',598,148), 
(149,'Pessoa de pele de cor branca, vestindo camiseta de cor vermelha e bermuda de cor amarela',599,149), 
(150,'Pessoa de pele de cor parda, vestindo camiseta de cor preta e bermuda verde',600,150), 
(151,'Pessoa de pele de cor parda, trajando casaco de cor branca e calça de cor amarela',601,151), 
(152,'Indivíduo de pele de cor branca, vestindo camiseta de cor preta e bermuda de cor branca',602,152), 
(153,'Indivíduo de pele de cor negra, trajando camiseta de cor vermelha e bermuda verde',603,153), 
(154,'Indivíduo de pele de cor negra, usando camisa azul e calça verde',604,154), 
(155,'Indivíduo de pele de cor negra, vestindo camiseta de cor preta e calça de cor branca',605,155), 
(156,'Pessoa de pele de cor parda, trajando camisa de cor vermelha e bermuda azul',606,156), 
(157,'Indivíduo de pele de cor branca, trajando casaco de cor amarela e bermuda azul',607,157), 
(158,'Pessoa de pele de cor negra, trajando camiseta verde e bermuda azul',608,158), 
(159,'Pessoa de pele de cor parda, trajando camiseta de cor vermelha e calça de cor branca',609,159), 
(160,'Indivíduo de pele de cor parda, usando camiseta de cor branca e calça de cor preta',610,160), 
(161,'Pessoa de pele de cor negra, usando camiseta verde e bermuda de cor preta',611,161), 
(162,'Indivíduo de pele de cor parda, trajando camisa azul e calça de cor preta',612,162), 
(163,'Pessoa de pele de cor parda, vestindo camiseta de cor branca e calça de cor amarela',613,163), 
(164,'Pessoa de pele de cor negra, trajando casaco de cor branca e calça de cor amarela',614,164), 
(165,'Indivíduo de pele de cor parda, vestindo camiseta de cor amarela e bermuda de cor branca',615,165), 
(166,'Indivíduo de pele de cor branca, usando camisa azul e calça de cor preta',616,166), 
(167,'Pessoa de pele de cor branca, vestindo camiseta de cor branca e bermuda de cor amarela',617,167), 
(168,'Indivíduo de pele de cor branca, vestindo camiseta de cor preta e bermuda de cor preta',618,168), 
(169,'Pessoa de pele de cor negra, usando camisa azul e calça de cor vermelha',619,169), 
(170,'Pessoa de pele de cor parda, usando camiseta de cor amarela e bermuda de cor amarela',620,170), 
(171,'Pessoa de pele de cor negra, trajando camisa verde e calça de cor branca',621,171), 
(172,'Pessoa de pele de cor branca, usando camiseta de cor vermelha e bermuda de cor branca',622,172), 
(173,'Indivíduo de pele de cor negra, trajando camiseta azul e calça de cor branca',623,173), 
(174,'Pessoa de pele de cor branca, usando camisa azul e bermuda de cor branca',624,174), 
(175,'Pessoa de pele de cor branca, trajando casaco verde e bermuda de cor branca',625,175), 
(176,'Pessoa de pele de cor parda, usando camiseta de cor preta e bermuda de cor amarela',626,176), 
(177,'Pessoa de pele de cor parda, vestindo camiseta verde e calça de cor preta',627,177), 
(178,'Indivíduo de pele de cor negra, vestindo camiseta verde e bermuda azul',628,178), 
(179,'Pessoa de pele de cor negra, usando camiseta de cor amarela e bermuda de cor branca',629,179), 
(180,'Pessoa de pele de cor negra, trajando camiseta de cor amarela e bermuda de cor amarela',630,180), 
(181,'Pessoa de pele de cor negra, vestindo camiseta azul e bermuda verde',631,181), 
(182,'Pessoa de pele de cor branca, vestindo camiseta de cor preta e bermuda de cor preta',632,182), 
(183,'Pessoa de pele de cor negra, trajando casaco de cor amarela e bermuda de cor branca',633,183), 
(184,'Pessoa de pele de cor parda, trajando camiseta de cor amarela e calça de cor vermelha',634,184), 
(185,'Pessoa de pele de cor parda, vestindo camiseta de cor branca e bermuda de cor vermelha',635,185), 
(186,'Indivíduo de pele de cor negra, trajando camiseta azul e calça de cor branca',636,186), 
(187,'Indivíduo de pele de cor negra, trajando camiseta verde e calça de cor branca',637,187), 
(188,'Indivíduo de pele de cor negra, trajando casaco de cor vermelha e calça de cor vermelha',638,188), 
(189,'Indivíduo de pele de cor branca, usando camisa azul e bermuda azul',639,189), 
(190,'Indivíduo de pele de cor branca, vestindo camiseta de cor amarela e calça de cor branca',640,190), 
(191,'Pessoa de pele de cor negra, vestindo camiseta verde e calça verde',641,191), 
(192,'Indivíduo de pele de cor negra, vestindo camiseta verde e calça verde',642,192), 
(193,'Indivíduo de pele de cor negra, trajando camiseta azul e calça azul',643,193), 
(194,'Pessoa de pele de cor branca, trajando camisa verde e bermuda verde',644,194), 
(195,'Pessoa de pele de cor negra, usando camisa verde e bermuda de cor branca',645,195), 
(196,'Pessoa de pele de cor negra, trajando casaco verde e bermuda azul',646,196), 
(197,'Pessoa de pele de cor parda, trajando camiseta verde e calça azul',647,197), 
(198,'Indivíduo de pele de cor branca, trajando camiseta azul e bermuda de cor preta',648,198), 
(199,'Indivíduo de pele de cor parda, usando camisa azul e calça azul',649,199), 
(200,'Indivíduo de pele de cor negra, vestindo camiseta de cor amarela e bermuda verde',650,200), 
(201,'Pessoa de pele de cor negra, trajando camiseta verde e calça de cor branca',651,201), 
(202,'Pessoa de pele de cor branca, trajando casaco de cor amarela e bermuda de cor vermelha',652,202), 
(203,'Indivíduo de pele de cor parda, trajando camisa de cor amarela e bermuda azul',653,203), 
(204,'Indivíduo de pele de cor branca, trajando camiseta de cor amarela e bermuda de cor vermelha',654,204), 
(205,'Indivíduo de pele de cor branca, trajando casaco de cor amarela e bermuda azul',655,205), 
(206,'Pessoa de pele de cor parda, usando camisa de cor branca e bermuda de cor amarela',656,206), 
(207,'Indivíduo de pele de cor parda, usando camisa de cor branca e calça de cor amarela',657,207), 
(208,'Indivíduo de pele de cor branca, usando camisa de cor preta e calça de cor preta',658,208), 
(209,'Indivíduo de pele de cor parda, vestindo camiseta azul e bermuda azul',659,209), 
(210,'Indivíduo de pele de cor negra, vestindo camiseta azul e calça de cor vermelha',660,210), 
(211,'Indivíduo de pele de cor negra, vestindo camiseta de cor amarela e calça de cor preta',661,211), 
(212,'Indivíduo de pele de cor branca, trajando casaco verde e calça de cor preta',662,212), 
(213,'Indivíduo de pele de cor parda, vestindo camiseta azul e bermuda de cor branca',663,213), 
(214,'Indivíduo de pele de cor branca, usando camiseta de cor branca e bermuda verde',664,214), 
(215,'Pessoa de pele de cor negra, vestindo camiseta azul e bermuda de cor preta',665,215), 
(216,'Indivíduo de pele de cor negra, trajando casaco de cor vermelha e bermuda de cor branca',666,216), 
(217,'Pessoa de pele de cor parda, usando camisa de cor branca e calça de cor preta',667,217), 
(218,'Indivíduo de pele de cor branca, trajando casaco de cor branca e calça de cor preta',668,218), 
(219,'Indivíduo de pele de cor negra, trajando camiseta de cor vermelha e calça de cor branca',669,219), 
(220,'Indivíduo de pele de cor parda, trajando casaco de cor vermelha e calça de cor vermelha',670,220), 
(221,'Indivíduo de pele de cor branca, vestindo camiseta de cor amarela e calça azul',671,221), 
(222,'Pessoa de pele de cor negra, trajando casaco de cor branca e calça azul',672,222), 
(223,'Pessoa de pele de cor branca, trajando casaco de cor amarela e calça de cor branca',673,223), 
(224,'Indivíduo de pele de cor branca, trajando casaco de cor amarela e bermuda de cor preta',674,224), 
(225,'Indivíduo de pele de cor parda, trajando camisa de cor branca e bermuda verde',675,225), 
(226,'Pessoa de pele de cor negra, trajando camisa azul e bermuda azul',676,226), 
(227,'Pessoa de pele de cor parda, trajando casaco de cor vermelha e bermuda de cor branca',677,227), 
(228,'Pessoa de pele de cor branca, usando camisa verde e calça de cor amarela',678,228), 
(229,'Pessoa de pele de cor parda, vestindo camiseta de cor branca e bermuda azul',679,229), 
(230,'Indivíduo de pele de cor branca, usando camiseta de cor amarela e bermuda azul',680,230), 
(231,'Indivíduo de pele de cor negra, trajando casaco de cor vermelha e calça verde',681,231), 
(232,'Indivíduo de pele de cor parda, trajando camisa verde e calça de cor branca',682,232), 
(233,'Indivíduo de pele de cor negra, usando camiseta de cor preta e bermuda azul',683,233), 
(234,'Pessoa de pele de cor negra, trajando camisa de cor preta e calça de cor branca',684,234), 
(235,'Indivíduo de pele de cor branca, vestindo camiseta de cor preta e calça de cor amarela',685,235), 
(236,'Pessoa de pele de cor parda, vestindo camiseta verde e calça de cor preta',686,236), 
(237,'Indivíduo de pele de cor parda, usando camisa de cor amarela e calça de cor vermelha',687,237), 
(238,'Indivíduo de pele de cor parda, trajando camiseta de cor preta e calça azul',688,238), 
(239,'Pessoa de pele de cor negra, trajando casaco de cor preta e bermuda de cor preta',689,239), 
(240,'Indivíduo de pele de cor negra, usando camiseta de cor vermelha e bermuda azul',690,240), 
(241,'Indivíduo de pele de cor parda, usando camiseta de cor preta e bermuda de cor preta',691,241), 
(242,'Pessoa de pele de cor parda, usando camisa verde e bermuda azul',692,242), 
(243,'Pessoa de pele de cor negra, vestindo camiseta azul e calça de cor branca',693,243), 
(244,'Indivíduo de pele de cor negra, usando camisa azul e calça de cor branca',694,244), 
(245,'Indivíduo de pele de cor parda, usando camisa de cor amarela e bermuda de cor amarela',695,245), 
(246,'Pessoa de pele de cor branca, trajando camisa de cor preta e bermuda azul',696,246), 
(247,'Indivíduo de pele de cor parda, trajando camisa de cor amarela e bermuda azul',697,247), 
(248,'Indivíduo de pele de cor negra, trajando casaco de cor branca e calça azul',698,248), 
(249,'Pessoa de pele de cor negra, usando camisa de cor preta e calça de cor amarela',699,249), 
(250,'Indivíduo de pele de cor negra, trajando camiseta de cor preta e bermuda verde',700,250), 
(251,'Indivíduo de pele de cor negra, usando camisa de cor amarela e bermuda de cor branca',701,251), 
(252,'Indivíduo de pele de cor parda, usando camiseta de cor vermelha e calça de cor preta',702,252), 
(253,'Pessoa de pele de cor negra, trajando camiseta de cor amarela e bermuda azul',703,253), 
(254,'Pessoa de pele de cor negra, usando camisa de cor amarela e bermuda de cor vermelha',704,254), 
(255,'Indivíduo de pele de cor negra, usando camiseta de cor amarela e calça verde',705,255), 
(256,'Pessoa de pele de cor negra, usando camisa de cor amarela e calça verde',706,256), 
(257,'Pessoa de pele de cor parda, trajando camiseta verde e calça de cor preta',707,257), 
(258,'Indivíduo de pele de cor parda, trajando casaco de cor branca e bermuda de cor branca',708,258), 
(259,'Indivíduo de pele de cor parda, trajando casaco de cor amarela e calça de cor branca',709,259), 
(260,'Indivíduo de pele de cor negra, usando camisa de cor branca e bermuda de cor vermelha',710,260), 
(261,'Pessoa de pele de cor parda, trajando casaco de cor branca e calça azul',711,261), 
(262,'Indivíduo de pele de cor branca, vestindo camiseta de cor preta e calça azul',712,262), 
(263,'Pessoa de pele de cor parda, trajando camisa de cor preta e calça de cor branca',713,263), 
(264,'Pessoa de pele de cor negra, trajando casaco de cor preta e calça de cor preta',714,264), 
(265,'Indivíduo de pele de cor branca, usando camisa de cor branca e calça de cor branca',715,265), 
(266,'Pessoa de pele de cor negra, trajando camiseta de cor preta e calça azul',716,266), 
(267,'Indivíduo de pele de cor branca, usando camisa de cor branca e bermuda verde',717,267), 
(268,'Indivíduo de pele de cor branca, trajando casaco de cor vermelha e bermuda verde',718,268), 
(269,'Pessoa de pele de cor parda, usando camisa de cor preta e calça de cor vermelha',719,269), 
(270,'Indivíduo de pele de cor branca, trajando camiseta de cor amarela e calça azul',720,270), 
(271,'Pessoa de pele de cor branca, trajando casaco azul e calça azul',721,271), 
(272,'Pessoa de pele de cor parda, trajando camiseta verde e bermuda de cor amarela',722,272), 
(273,'Pessoa de pele de cor branca, trajando casaco verde e bermuda de cor vermelha',723,273), 
(274,'Pessoa de pele de cor negra, usando camiseta azul e calça de cor branca',724,274), 
(275,'Pessoa de pele de cor parda, usando camiseta azul e bermuda de cor branca',725,275), 
(276,'Pessoa de pele de cor negra, trajando camisa azul e calça de cor branca',726,276), 
(277,'Indivíduo de pele de cor parda, usando camisa de cor vermelha e bermuda de cor vermelha',727,277), 
(278,'Indivíduo de pele de cor branca, trajando casaco azul e calça de cor amarela',728,278), 
(279,'Indivíduo de pele de cor branca, vestindo camiseta de cor amarela e calça de cor preta',729,279), 
(280,'Indivíduo de pele de cor negra, trajando casaco de cor preta e calça de cor vermelha',730,280), 
(281,'Indivíduo de pele de cor parda, trajando camiseta de cor amarela e bermuda verde',731,281), 
(282,'Pessoa de pele de cor negra, trajando camiseta de cor vermelha e calça azul',732,282), 
(283,'Indivíduo de pele de cor negra, trajando casaco de cor branca e bermuda de cor amarela',733,283), 
(284,'Indivíduo de pele de cor negra, vestindo camiseta verde e bermuda verde',734,284), 
(285,'Pessoa de pele de cor negra, usando camisa de cor amarela e bermuda de cor amarela',735,285), 
(286,'Indivíduo de pele de cor negra, usando camiseta verde e bermuda de cor preta',736,286), 
(287,'Pessoa de pele de cor parda, usando camiseta azul e calça de cor vermelha',737,287), 
(288,'Indivíduo de pele de cor negra, trajando camiseta de cor preta e bermuda de cor branca',738,288), 
(289,'Indivíduo de pele de cor branca, vestindo camiseta azul e calça azul',739,289), 
(290,'Indivíduo de pele de cor branca, usando camiseta azul e bermuda azul',740,290), 
(291,'Pessoa de pele de cor negra, usando camisa de cor amarela e calça de cor amarela',741,291), 
(292,'Pessoa de pele de cor parda, trajando casaco de cor preta e calça de cor amarela',742,292), 
(293,'Indivíduo de pele de cor negra, usando camiseta de cor amarela e calça de cor amarela',743,293), 
(294,'Pessoa de pele de cor parda, vestindo camiseta de cor branca e calça de cor preta',744,294), 
(295,'Pessoa de pele de cor negra, trajando camisa de cor vermelha e bermuda de cor amarela',745,295), 
(296,'Pessoa de pele de cor parda, usando camisa de cor amarela e bermuda de cor amarela',746,296), 
(297,'Pessoa de pele de cor parda, trajando camisa de cor branca e bermuda de cor preta',747,297), 
(298,'Indivíduo de pele de cor parda, usando camiseta de cor amarela e calça de cor preta',748,298), 
(299,'Pessoa de pele de cor branca, usando camiseta verde e bermuda de cor amarela',749,299), 
(300,'Indivíduo de pele de cor parda, trajando casaco de cor preta e bermuda de cor branca',750,300);

ALTER SEQUENCE orgao_id_seq RESTART WITH 4;
ALTER SEQUENCE setor_id_seq RESTART WITH 4;
ALTER SEQUENCE batalhao_id_seq RESTART WITH 6;
ALTER SEQUENCE boletim_ocorrencia_id_seq RESTART WITH 301;
ALTER SEQUENCE vitima_id_seq RESTART WITH 301;
ALTER SEQUENCE suspeito_id_seq RESTART WITH 301;
ALTER SEQUENCE procurado_id_seq RESTART WITH 301;
ALTER SEQUENCE administrativo_id_seq RESTART WITH 51;
ALTER SEQUENCE policial_id_seq RESTART WITH 101;
ALTER SEQUENCE patrulha_id_seq RESTART 26;
ALTER SEQUENCE pessoa_id_seq RESTART WITH 501;
